{
  "Rare" : {
    "GenericPrefixes": [ "Strange", "Rare", "Cryptic" ],
    "GenericSuffixes": [ "Secrets", "Mystery", "Obscurity" ]
  },
  "Epic" : {
    "Adjectives" : [
      { "Name": "Aesir" },
      { "Name": "Alfheim" },
      { "Name": "Andvari's" },
      { "Name": "Askr's" },
      { "Name": "Beast" },
      { "Name": "Berserker" },
      { "Name": "Black" },
      { "Name": "Blood" },
      { "Name": "Bone" },
      { "Name": "Carrion" },
      { "Name": "Chaos" },
      { "Name": "Crow" },
      { "Name": "Cruel" },
      { "Name": "Death" },
      { "Name": "Doom" },
      { "Name": "Dread" },
      { "Name": "Dverger" },
      { "Name": "Dokkalfar" },
      { "Name": "Embla's" },
      { "Name": "Fell" },
      { "Name": "Fiend" },
      { "Name": "Giant" },
      { "Name": "Giantess" },
      { "Name": "Glyph" },
      { "Name": "Greyfell" },
      { "Name": "Grim" },
      { "Name": "Havoc" },
      { "Name": "Heathen" },
      { "Name": "Hel" },
      { "Name": "Ljosalfar" },
      { "Name": "Midgard" },
      { "Name": "Nibelung" },
      { "Name": "Niflheim" },
      { "Name": "Norn" },
      { "Name": "Northgard" },
      { "Name": "Omen" },
      { "Name": "Order" },
      { "Name": "Pain" },
      { "Name": "Plague" },
      { "Name": "Rage" },
      { "Name": "Ragnarok" },
      { "Name": "Ransack" },
      { "Name": "Raven" },
      { "Name": "Saga" },
      { "Name": "Scathe" },
      { "Name": "Shadow" },
      { "Name": "Skuld's" },
      { "Name": "Skull" },
      { "Name": "Slaughter" },
      { "Name": "Svartalfar" },
      { "Name": "Troll" },
      { "Name": "Valhalla" },
      { "Name": "Vali" },
      { "Name": "Valkyrie" },
      { "Name": "Vanir" },
      { "Name": "Vitharr" },
      { "Name": "White" },
      { "Name": "Wrath" },
      { "Name": "Yggdrasill" },
      { "Name": "Ymir" },

      { "Name": "Fleet", "MagicEffects": [ "ModifyMovementSpeed" ] },
      { "Name": "Swift", "MagicEffects": [ "ModifyMovementSpeed" ] },

      { "Name": "Ash", "MagicEffects": [ "AddFireDamage", "AddFireResistance" ] },
      { "Name": "Blaze", "MagicEffects": [ "AddFireDamage", "AddFireResistance" ] },
      { "Name": "Char", "MagicEffects": [ "AddFireDamage", "AddFireResistance" ] },
      { "Name": "Conflagration", "MagicEffects": [ "AddFireDamage", "AddFireResistance" ] },
      { "Name": "Drake", "MagicEffects": [ "AddFireDamage", "AddFireResistance" ] },
      { "Name": "Inferno", "MagicEffects": [ "AddFireDamage", "AddFireResistance" ] },
      { "Name": "Surt", "MagicEffects": [ "AddFireDamage", "AddFireResistance" ] },

      { "Name": "Blizzard", "MagicEffects": [ "AddFrostDamage", "AddFrostResistance" ] },
      { "Name": "Chill", "MagicEffects": [ "AddFrostDamage", "AddFrostResistance" ] },
      { "Name": "Frost", "MagicEffects": [ "AddFrostDamage", "AddFrostResistance" ] },
      { "Name": "Glacier", "MagicEffects": [ "AddFrostDamage", "AddFrostResistance" ] },
      { "Name": "Hail", "MagicEffects": [ "AddFrostDamage", "AddFrostResistance" ] },

      { "Name": "Shock", "MagicEffects": [ "AddLightningDamage", "AddLightningResistance" ] },
      { "Name": "Storm", "MagicEffects": [ "AddLightningDamage", "AddLightningResistance" ] },
      { "Name": "Tempest", "MagicEffects": [ "AddLightningDamage", "AddLightningResistance" ] },

      { "Name": "Blight", "MagicEffects": [ "AddPoisonDamage", "AddPoisonResistance" ] },
      { "Name": "Caustic", "MagicEffects": [ "AddPoisonDamage", "AddPoisonResistance" ] },
      { "Name": "Contagion", "MagicEffects": [ "AddPoisonDamage", "AddPoisonResistance" ] },
      { "Name": "Corruption", "MagicEffects": [ "AddPoisonDamage", "AddPoisonResistance" ] },
      { "Name": "Toxic", "MagicEffects": [ "AddPoisonDamage", "AddPoisonResistance" ] },
      { "Name": "Venom", "MagicEffects": [ "AddPoisonDamage", "AddPoisonResistance" ] },

      { "Name": "Eidolon", "MagicEffects": [ "AddSpiritDamage", "AddSpiritResistance" ] },
      { "Name": "Phantasm", "MagicEffects": [ "AddSpiritDamage", "AddSpiritResistance" ] },
      { "Name": "Soul", "MagicEffects": [ "AddSpiritDamage", "AddSpiritResistance" ] },
      { "Name": "Spectre", "MagicEffects": [ "AddSpiritDamage", "AddSpiritResistance" ] },
      { "Name": "Spirit", "MagicEffects": [ "AddSpiritDamage", "AddSpiritResistance" ] },
      { "Name": "Wraith", "MagicEffects": [ "AddSpiritDamage", "AddSpiritResistance" ] }
    ],
    "Names" : [
      { "Name": "Aegis", "Skills": [ "Blocking" ] },
      { "Name": "Apparatus", "Types": [ "Tool" ] },
      { "Name": "Badge", "Skills": [ "Blocking" ] },
      { "Name": "Band", "Types": [ "Utility" ] },
      { "Name": "Bar", "Skills": [ "Clubs", "Spears" ] },
      { "Name": "Barb", "Skills": [ "Swords", "Knives", "Spears" ] },
      { "Name": "Beacon", "Types": [ "Torch" ], "Skills": [ "Clubs", "Polearms" ] },
      { "Name": "Blade", "Skills": [ "Swords" ] },
      { "Name": "Bludgeon", "Skills": [ "Clubs" ] },
      { "Name": "Bolt", "Skills": [ "Bows" ] },
      { "Name": "Branch", "Skills": [ "Bows", "Pickaxes" ] },
      { "Name": "Brand", "Skills": [ "Swords", "Axes" ] },
      { "Name": "Breaker", "Skills": [ "Axes", "Clubs" ] },
      { "Name": "Brow", "Types": [ "Helmet" ] },
      { "Name": "Buckle", "Types": [ "Utility" ] },
      { "Name": "Bulwark", "Skills": [ "Blocking" ] },
      { "Name": "Carapace", "Types": [ "Chest" ] },
      { "Name": "Casque", "Types": [ "Helmet" ] },
      { "Name": "Chain", "Types": [ "Chest" ] },
      { "Name": "Charm", "Types": [ "Utility" ] },
      { "Name": "Chopper", "Skills": [ "Axes" ] },
      { "Name": "Cleaver", "Skills": [ "Axes", "Polearms" ] },
      { "Name": "Cloak", "Types": [ "Chest", "Shoulder" ] },
      { "Name": "Cowl", "Types": [ "Helmet" ] },
      { "Name": "Crest", "Types": [ "Helmet" ] },
      { "Name": "Crown", "Types": [ "Helmet" ] },
      { "Name": "Crusher", "Skills": [ "Clubs" ] },
      { "Name": "Dart", "Skills": [ "Bows", "Spears" ] },
      { "Name": "Edge", "Skills": [ "Swords", "Knives", "Polearms" ] },
      { "Name": "Emblem", "Skills": [ "Blocking" ] },
      { "Name": "Eye", "Types": [ "Utility" ] },
      { "Name": "Fang", "Skills": [ "Swords", "Knives", "Axes", "Polearms" ] },
      { "Name": "Flange", "Skills": [ "Clubs" ] },
      { "Name": "Fletch", "Skills": [ "Bows" ] },
      { "Name": "Flight", "Skills": [ "Bows" ] },
      { "Name": "Fortress", "Skills": [ "Blocking" ] },
      { "Name": "Gadget", "Types": [ "Tool" ] },
      { "Name": "Gizmo", "Types": [ "Tool" ] },
      { "Name": "Gnash", "Skills": [ "Axes", "Clubs", "Polearms" ] },
      { "Name": "Gorget", "Types": [ "Chest", "Shoulder" ] },
      { "Name": "Greaves", "Types": [ "Legs" ] },
      { "Name": "Grinder", "Skills": [ "Clubs" ] },
      { "Name": "Guard", "Types": [ "Chest" ], "Skills": [ "Blocking" ] },
      { "Name": "Harness", "Types": [ "Chest" ] },
      { "Name": "Heart", "Types": [ "Utility" ] },
      { "Name": "Hew", "Skills": [ "Axes", "Polearms" ] },
      { "Name": "Horn", "Skills": [ "Bows", "Polearms" ] },
      { "Name": "Impaler", "Skills": [ "Swords", "Spears" ] },
      { "Name": "Jack", "Types": [ "Chest" ] },
      { "Name": "Knot", "Types": [ "Utility" ] },
      { "Name": "Lock", "Types": [ "Utility" ] },
      { "Name": "Mallet", "Skills": [ "Clubs" ] },
      { "Name": "Mangler", "Skills": [ "Axes", "Clubs", "Polearms" ] },
      { "Name": "Mantle", "Types": [ "Chest", "Shoulder" ] },
      { "Name": "Mark", "Types": [ "Utility" ] },
      { "Name": "Mask", "Types": [ "Helmet" ] },
      { "Name": "Nails", "Types": [ "Legs" ] },
      { "Name": "Needle", "Skills": [ "Bows", "Knives" ] },
      { "Name": "Nock", "Skills": [ "Bows" ] },
      { "Name": "Pelt", "Types": [ "Chest", "Shoulder" ] },
      { "Name": "Pickaxe", "Skills": [ "Pickaxes" ] },
      { "Name": "Pickhammer", "Skills": [ "Pickaxes" ] },
      { "Name": "Razor", "Skills": [ "Swords", "Knives", "Polearms" ] },
      { "Name": "Reaver", "Skills": [ "Swords", "Axes", "Polearms" ] },
      { "Name": "Rend", "Skills": [ "Axes", "Polearms" ] },
      { "Name": "Scourge", "Skills": [ "Swords", "Knives", "Spears", "Polearms" ] },
      { "Name": "Scythe", "Skills": [ "Axes", "Polearms" ] },
      { "Name": "Sever", "Skills": [ "Swords", "Knives" ] },
      { "Name": "Shanks", "Types": [ "Legs" ] },
      { "Name": "Shell", "Types": [ "Helmet", "Chest" ], "Skills": [ "Blocking" ] },
      { "Name": "Shield", "Skills": [ "Blocking" ] },
      { "Name": "Shroud", "Types": [ "Chest", "Shoulder" ] },
      { "Name": "Slayer", "Skills": [ "Swords", "Knives", "Axes", "Polearms" ] },
      { "Name": "Smasher", "Skills": [ "Clubs" ] },
      { "Name": "Song", "Types": [ "Utility" ] },
      { "Name": "Spike", "Skills": [ "Swords", "Spears", "Polearms", "Pickaxes" ] },
      { "Name": "Splitter", "Skills": [ "Axes" ] },
      { "Name": "Spur", "Types": [ "Legs" ] },
      { "Name": "Stabber", "Skills": [ "Swords", "Knives" ] },
      { "Name": "Stalker", "Types": [ "Legs" ] },
      { "Name": "Sting", "Skills": [ "Bows", "Knives" ] },
      { "Name": "Suit", "Types": [ "Chest" ] },
      { "Name": "Sunder", "Skills": [ "Axes", "Clubs" ] },
      { "Name": "Sword", "Skills": [ "Swords" ] },
      { "Name": "Talisman", "Types": [ "Utility" ] },
      { "Name": "Thirst", "Skills": [ "Axes", "Swords", "Bows", "Polearms" ] },
      { "Name": "Tool", "Types": [ "Tool" ], "Skills": [ "Pickaxes" ] },
      { "Name": "Tower", "Skills": [ "Blocking" ] },
      { "Name": "Track", "Types": [ "Legs" ] },
      { "Name": "Trample", "Types": [ "Legs" ] },
      { "Name": "Treader", "Types": [ "Legs" ] },
      { "Name": "Turn", "Types": [ "Utility" ] },
      { "Name": "Veil", "Types": [ "Helmet" ] },
      { "Name": "Visage", "Types": [ "Helmet" ] },
      { "Name": "Visor", "Types": [ "Helmet" ] },
      { "Name": "Ward", "Types": [ "Chest" ] , "Skills": [ "Blocking" ]},
      { "Name": "Wrack", "Skills": [ "Axes", "Clubs", "Polearms" ] },
      { "Name": "Wrap", "Types": [ "Chest", "Shoulder" ] }
    ]
  },
  "Legendary": [
    { "Name": "Fafnir's Bloody Talon", "Types": [ "OneHandedWeapon" ], "Skills": [ "Swords" ] }
  ]
}
