{
  "MagicItemEffects" : [
    {
      "Type" : "DvergerCirclet",
      "DisplayText" : "Perpetual lightsource",
      "CanBeAugmented": false, 
      "Requirements" : {
        "NoRoll": true
      },
      "Comment" : "Can't be rolled. Just added to make a Magic Item version of this item."
    },
    {
      "Type" : "Megingjord",
      "DisplayText" : "Carry weight increased by +150",
      "CanBeAugmented": false, 
      "Requirements" : {
        "NoRoll": true
      },
      "Comment" : "Can't be rolled. Just added to make a Magic Item version of this item."
    },
    {
      "Type" : "Wishbone",
      "DisplayText" : "Finds secrets",
      "CanBeAugmented": false, 
      "Requirements" : {
        "NoRoll": true
      },
      "Comment" : "Can't be rolled. Just added to make a Magic Item version of this item."
    },
    {
      "Type": "Andvaranaut",
      "DisplayText": "Finds Haldor's treasure chests",
      "CanBeAugmented": false, 
      "Requirements" : {
        "NoRoll": true
      },
      "Comment" : "Can't be rolled. Just added to make a Magic Item version of this item."
    },
    {
      "Type" : "ModifyDamage",
      "DisplayText" : "All damage increased by +{0:0.#}%",
      "CanBeAugmented": false, 
      "Requirements" : {
        "NoRoll": true
      },
      "ValuesPerRarity" : {
        "Magic" : { "MinValue" : 10, "MaxValue" : 20, "Increment" : 1 },
        "Rare" : { "MinValue" : 10, "MaxValue" : 20, "Increment" : 1 },
        "Epic" : { "MinValue" : 10, "MaxValue" : 20, "Increment" : 1 },
        "Legendary" : { "MinValue" : 15, "MaxValue" : 25, "Increment" : 1 }
      },
      "SelectionWeight" : 1,
      "Comment" : "Can't be rolled. Too powerful?"
    },
    {
      "Type" : "ModifyPhysicalDamage",
      "DisplayText" : "Physical damage increased by +{0:0.#}%",
      "Requirements" : {
        "ExclusiveEffectTypes" : [
          "AddBluntDamage",
          "AddSlashingDamage",
          "AddPiercingDamage"
        ],
        "AllowedItemTypes" : [
          "OneHandedWeapon",
          "TwoHandedWeapon",
          "Bow",
          "Torch"
        ],
        "ItemHasPhysicalDamage" : true
      },
      "ValuesPerRarity" : {
        "Magic" : { "MinValue" : 10, "MaxValue" : 20, "Increment" : 1 },
        "Rare" : { "MinValue" : 10, "MaxValue" : 20, "Increment" : 1 },
        "Epic" : { "MinValue" : 10, "MaxValue" : 20, "Increment" : 1 },
        "Legendary" : { "MinValue" : 15, "MaxValue" : 25, "Increment" : 1 }
      },
      "SelectionWeight" : 1,
      "Prefixes": [ "Strong", "Powerful", "Mighty", "Heavy", "Forceful", "Wicked", "Fighter's", "Warrior" ],
      "Suffixes": [ "Strength", "Power", "Might", "Force", "the Warrior" ]
    },
    {
      "Type" : "ModifyElementalDamage",
      "DisplayText" : "Elemental damage increased by +{0:0.#}%",
      "Requirements" : {
        "ExclusiveEffectTypes" : [
          "AddFireDamage",
          "AddFrostDamage",
          "AddLightningDamage"
        ],
        "AllowedItemTypes" : [
          "OneHandedWeapon",
          "TwoHandedWeapon",
          "Bow",
          "Torch"
        ],
        "ExcludedSkillTypes": [
          "Pickaxes"
        ],
        "ItemHasElementalDamage" : true
      },
      "ValuesPerRarity" : {
        "Magic" : { "MinValue" : 10, "MaxValue" : 20, "Increment" : 1 },
        "Rare" : { "MinValue" : 10, "MaxValue" : 20, "Increment" : 1 },
        "Epic" : { "MinValue" : 10, "MaxValue" : 20, "Increment" : 1 },
        "Legendary" : { "MinValue" : 15, "MaxValue" : 25, "Increment" : 1 }
      },
      "SelectionWeight" : 1,
      "Prefixes": [ "Energized", "Empowered", "Charged", "Intensified" ],
      "Suffixes": [ "Energy", "Intensity", "Brilliance" ]
    },
    {
      "Type" : "ModifyDurability",
      "DisplayText" : "Max durability increased by +{0:0.#}%",
      "Requirements" : {
        "ExclusiveEffectTypes" : [
          "Indestructible"
        ],
        "AllowedItemTypes" : [
          "OneHandedWeapon",
          "TwoHandedWeapon",
          "Bow",
          "Torch",
          "Shield",
          "Tool",
          "Helmet",
          "Chest",
          "Legs",
          "Shoulder"
        ],
        "AllowedRarities" : [
          "Magic",
          "Rare",
          "Epic"
        ],
        "ItemUsesDurability" : true
      },
      "ValuesPerRarity" : {
        "Magic" : { "MinValue" : 50, "MaxValue" : 100, "Increment" : 5 },
        "Rare" : { "MinValue" : 50, "MaxValue" : 100, "Increment" : 5 },
        "Epic" : { "MinValue" : 50, "MaxValue" : 100, "Increment" : 5 }
      },
      "SelectionWeight" : 1,
      "Prefixes": [ "Sturdy", "Stout", "Robust" ],
      "Suffixes": [ "Sturdiness", "Robustness", "Stability", "the Ox" ]
    },
    {
      "Type" : "ReduceWeight",
      "DisplayText" : "Weight reduced by -{0:0.#}% ",
      "Requirements" : {
        "ExclusiveEffectTypes" : [
          "Weightless"
        ],
        "AllowedItemTypes" : [
          "OneHandedWeapon",
          "TwoHandedWeapon",
          "Bow",
          "Torch",
          "Shield",
          "Tool",
          "Helmet",
          "Chest",
          "Legs",
          "Shoulder"
        ],
        "AllowedRarities" : [
          "Magic",
          "Rare",
          "Epic"
        ]
      },
      "ValuesPerRarity" : {
        "Magic" : { "MinValue" : 70, "MaxValue" : 90, "Increment" : 5 },
        "Rare" : { "MinValue" : 70, "MaxValue" : 90, "Increment" : 5 },
        "Epic" : { "MinValue" : 70, "MaxValue" : 90, "Increment" : 5 }
      },
      "SelectionWeight" : 1,
      "Prefixes": [ "Light", "Slender" ],
      "Suffixes": [ "the Feather" ]
    },
    {
      "Type" : "RemoveSpeedPenalty",
      "DisplayText" : "Movement speed penalty removed",
      "Requirements" : {
        "ExclusiveEffectTypes" : [
          "ModifyMovementSpeed"
        ],
        "AllowedItemTypes" : [
          "OneHandedWeapon",
          "TwoHandedWeapon",
          "Bow",
          "Torch",
          "Shield",
          "Tool",
          "Helmet",
          "Chest",
          "Legs",
          "Shoulder"
        ],
        "ItemHasNegativeMovementSpeedModifier" : true
      },
      "SelectionWeight" : 1,
      "Prefixes": [ "Agile", "Easy", "Graceful" ],
      "Suffixes": [ "Agility", "Grace" ]
    },
    {
      "Type" : "ModifyBlockPower",
      "DisplayText" : "Block improved by +{0:0.#}%",
      "Requirements" : {
        "AllowedItemTypes" : [
          "Shield"
        ],
        "ExcludedSkillTypes": [
          "Pickaxes"
        ],
        "ItemHasBlockPower" : true
      },
      "ValuesPerRarity" : {
        "Magic" : { "MinValue" : 10, "MaxValue" : 20, "Increment" : 1 },
        "Rare" : { "MinValue" : 10, "MaxValue" : 20, "Increment" : 1 },
        "Epic" : { "MinValue" : 10, "MaxValue" : 20, "Increment" : 1 },
        "Legendary" : { "MinValue" : 15, "MaxValue" : 25, "Increment" : 1 }
      },
      "SelectionWeight" : 1,
      "Prefixes": [ "Stopping", "Defender's" ],
      "Suffixes": [ "Stopping", "the Defender" ]
    },
    {
      "Type" : "ModifyParry",
      "DisplayText" : "Parry improved by +{0:0.#}%",
      "Requirements" : {
        "AllowedItemTypes" : [
          "Shield",
          "TwoHandedWeapon"
        ],
        "ExcludedSkillTypes": [
          "Pickaxes"
        ],
        "ItemHasParryPower" : true
      },
      "ValuesPerRarity" : {
        "Magic" : { "MinValue" : 10, "MaxValue" : 20, "Increment" : 1 },
        "Rare" : { "MinValue" : 10, "MaxValue" : 20, "Increment" : 1 },
        "Epic" : { "MinValue" : 10, "MaxValue" : 20, "Increment" : 1 },
        "Legendary" : { "MinValue" : 15, "MaxValue" : 25, "Increment" : 1 }
      },
      "SelectionWeight" : 1,
      "Prefixes": [ "Elusive", "Rebuking", "Duelist's" ],
      "Suffixes": [ "Repelling", "the Duelist" ]
    },
    {
      "Type" : "ModifyArmor",
      "DisplayText" : "Armor increased by +{0:0.#}%",
      "Requirements" : {
        "AllowedItemTypes" : [
          "Helmet",
          "Chest",
          "Legs",
          "Shoulder",
          "Utility"
        ],
        "ItemHasArmor" : true
      },
      "ValuesPerRarity" : {
        "Magic" : { "MinValue" : 10, "MaxValue" : 20, "Increment" : 1 },
        "Rare" : { "MinValue" : 10, "MaxValue" : 20, "Increment" : 1 },
        "Epic" : { "MinValue" : 10, "MaxValue" : 20, "Increment" : 1 },
        "Legendary" : { "MinValue" : 15, "MaxValue" : 25, "Increment" : 1 }
      },
      "SelectionWeight" : 1,
      "Prefixes": [ "Heavy", "Protected" ],
      "Suffixes": [ "Protection" ]
    },
    {
      "Type" : "ModifyBackstab",
      "DisplayText" : "Backstab improved by +{0:0.#}%",
      "Requirements" : {
        "AllowedSkillTypes" : [
          "Knives",
          "Bows"
        ],
        "ItemHasBackstabBonus" : true
      },
      "ValuesPerRarity" : {
        "Magic" : { "MinValue" : 10, "MaxValue" : 20, "Increment" : 1 },
        "Rare" : { "MinValue" : 10, "MaxValue" : 20, "Increment" : 1 },
        "Epic" : { "MinValue" : 10, "MaxValue" : 20, "Increment" : 1 },
        "Legendary" : { "MinValue" : 15, "MaxValue" : 25, "Increment" : 1 }
      },
      "SelectionWeight" : 1,
      "Prefixes": [ "Assassin's", "Stealthy" ],
      "Suffixes": [ "the Assassin", "Stealth" ]
    },
    {
      "Type" : "IncreaseHealth",
      "DisplayText" : "Health increased by +{0:0}",
      "Requirements" : {
        "AllowedItemTypes" : [
          "Helmet",
          "Chest",
          "Legs",
          "Shoulder",
          "Utility",
          "Shield"
        ]
      },
      "ValuesPerRarity" : {
        "Magic" : { "MinValue" : 10, "MaxValue" : 25, "Increment" : 5 },
        "Rare" : { "MinValue" : 15, "MaxValue" : 30, "Increment" : 5 },
        "Epic" : { "MinValue" : 20, "MaxValue" : 35, "Increment" : 5 },
        "Legendary" : { "MinValue" : 25, "MaxValue" : 50, "Increment" : 5 }
      },
      "SelectionWeight" : 1,
      "Prefixes": [ "Healthy" ],
      "Suffixes": [ "Health" ]
    },
    {
      "Type" : "IncreaseStamina",
      "DisplayText" : "Stamina increased by +{0:0}",
      "Requirements" : {
        "AllowedItemTypes" : [
          "Helmet",
          "Chest",
          "Legs",
          "Shoulder",
          "Utility",
          "Tool"
        ]
      },
      "ValuesPerRarity" : {
        "Magic" : { "MinValue" : 10, "MaxValue" : 25, "Increment" : 5 },
        "Rare" : { "MinValue" : 15, "MaxValue" : 30, "Increment" : 5 },
        "Epic" : { "MinValue" : 20, "MaxValue" : 35, "Increment" : 5 },
        "Legendary" : { "MinValue" : 25, "MaxValue" : 50, "Increment" : 5 }
      },
      "SelectionWeight" : 1,
      "Prefixes": [ "Enduring" ],
      "Suffixes": [ "Endurance" ]
    },
    {
      "Type" : "ModifyHealthRegen",
      "DisplayText" : "Health regen improved by +{0:0.#}%",
      "Requirements" : {
        "AllowedItemTypes" : [
          "Helmet",
          "Chest",
          "Legs",
          "Shoulder",
          "Utility"
        ]
      },
      "ValuesPerRarity" : {
        "Magic" : { "MinValue" : 10, "MaxValue" : 20, "Increment" : 1 },
        "Rare" : { "MinValue" : 10, "MaxValue" : 20, "Increment" : 1 },
        "Epic" : { "MinValue" : 10, "MaxValue" : 20, "Increment" : 1 },
        "Legendary" : { "MinValue" : 15, "MaxValue" : 25, "Increment" : 1 }
      },
      "SelectionWeight" : 1,
      "Prefixes": [ "Vigorous" ],
      "Suffixes": [ "Vigor" ]
    },
    {
      "Type" : "ModifyStaminaRegen",
      "DisplayText" : "Stamina regen improved by +{0:0.#}%",
      "Requirements" : {
        "AllowedItemTypes" : [
          "Helmet",
          "Chest",
          "Legs",
          "Shoulder",
          "Utility",
          "Tool"
        ]
      },
      "ValuesPerRarity" : {
        "Magic" : { "MinValue" : 10, "MaxValue" : 20, "Increment" : 1 },
        "Rare" : { "MinValue" : 10, "MaxValue" : 20, "Increment" : 1 },
        "Epic" : { "MinValue" : 10, "MaxValue" : 20, "Increment" : 1 },
        "Legendary" : { "MinValue" : 15, "MaxValue" : 25, "Increment" : 1 }
      },
      "SelectionWeight" : 1,
      "Prefixes": [ "Recovering" ],
      "Suffixes": [ "Recovery" ]
    },
    {
      "Type" : "AddBluntDamage",
      "DisplayText" : "Add +{0:0.#} blunt damage",
      "Requirements" : {
        "ExclusiveEffectTypes" : [
          "AddBluntDamage",
          "AddSlashingDamage",
          "AddPiercingDamage",
          "AddFireDamage",
          "AddFrostDamage",
          "AddLightningDamage",
          "AddPoisonDamage",
          "AddSpiritDamage"
        ],
        "AllowedItemTypes" : [
          "OneHandedWeapon",
          "TwoHandedWeapon",
          "Bow",
          "Torch"
        ],
        "ExcludedSkillTypes": [
          "Pickaxes"
        ]
      },
      "ValuesPerRarity" : {
        "Magic" : { "MinValue" : 1, "MaxValue" : 4, "Increment" : 1 },
        "Rare" : { "MinValue" : 3, "MaxValue" : 8, "Increment" : 1 },
        "Epic" : { "MinValue" : 7, "MaxValue" : 15, "Increment" : 1 },
        "Legendary" : { "MinValue" : 15, "MaxValue" : 20, "Increment" : 1 }
      },
      "SelectionWeight" : 1,
      "Prefixes": [ "Brute" ],
      "Suffixes": [ "Bludgeoning" ]
    },
    {
      "Type" : "AddSlashingDamage",
      "DisplayText" : "Add +{0:0.#} slashing damage",
      "Requirements" : {
        "ExclusiveEffectTypes" : [
          "AddBluntDamage",
          "AddSlashingDamage",
          "AddPiercingDamage",
          "AddFireDamage",
          "AddFrostDamage",
          "AddLightningDamage",
          "AddPoisonDamage",
          "AddSpiritDamage"
        ],
        "AllowedItemTypes" : [
          "OneHandedWeapon",
          "TwoHandedWeapon",
          "Bow",
          "Torch"
        ],
        "ExcludedSkillTypes": [
          "Pickaxes"
        ]
      },
      "ValuesPerRarity" : {
        "Magic" : { "MinValue" : 1, "MaxValue" : 4, "Increment" : 1 },
        "Rare" : { "MinValue" : 3, "MaxValue" : 8, "Increment" : 1 },
        "Epic" : { "MinValue" : 7, "MaxValue" : 15, "Increment" : 1 },
        "Legendary" : { "MinValue" : 15, "MaxValue" : 20, "Increment" : 1 }
      },
      "SelectionWeight" : 1,
      "Prefixes": [ "Sharp", "Keen" ],
      "Suffixes": [ "Slashing", "Cutting" ]
    },
    {
      "Type" : "AddPiercingDamage",
      "DisplayText" : "Add +{0:0.#} piercing damage",
      "Requirements" : {
        "ExclusiveEffectTypes" : [
          "AddBluntDamage",
          "AddSlashingDamage",
          "AddPiercingDamage",
          "AddFireDamage",
          "AddFrostDamage",
          "AddLightningDamage",
          "AddPoisonDamage",
          "AddSpiritDamage"
        ],
        "AllowedItemTypes" : [
          "OneHandedWeapon",
          "TwoHandedWeapon",
          "Bow",
          "Torch"
        ]
      },
      "ValuesPerRarity" : {
        "Magic" : { "MinValue" : 1, "MaxValue" : 4, "Increment" : 1 },
        "Rare" : { "MinValue" : 3, "MaxValue" : 8, "Increment" : 1 },
        "Epic" : { "MinValue" : 7, "MaxValue" : 15, "Increment" : 1 },
        "Legendary" : { "MinValue" : 15, "MaxValue" : 20, "Increment" : 1 }
      },
      "SelectionWeight" : 1,
      "Prefixes": [ "Spiked", "Barbed" ],
      "Suffixes": [ "Piercing" ]
    },
    {
      "Type" : "AddFireDamage",
      "DisplayText" : "Add +{0:0.#} fire damage",
      "Requirements" : {
        "ExclusiveEffectTypes" : [
          "AddBluntDamage",
          "AddSlashingDamage",
          "AddPiercingDamage",
          "AddFireDamage",
          "AddFrostDamage",
          "AddLightningDamage",
          "AddPoisonDamage",
          "AddSpiritDamage"
        ],
        "AllowedItemTypes" : [
          "OneHandedWeapon",
          "TwoHandedWeapon",
          "Bow",
          "Torch"
        ],
        "ExcludedSkillTypes": [
          "Pickaxes"
        ]
      },
      "ValuesPerRarity" : {
        "Magic" : { "MinValue" : 1, "MaxValue" : 4, "Increment" : 1 },
        "Rare" : { "MinValue" : 3, "MaxValue" : 8, "Increment" : 1 },
        "Epic" : { "MinValue" : 7, "MaxValue" : 15, "Increment" : 1 },
        "Legendary" : { "MinValue" : 15, "MaxValue" : 20, "Increment" : 1 }
      },
      "SelectionWeight" : 1,
      "Prefixes": [ "Blazing" ],
      "Suffixes": [ "Fire" ]
    },
    {
      "Type" : "AddFrostDamage",
      "DisplayText" : "Add +{0:0.#} frost damage",
      "Requirements" : {
        "ExclusiveEffectTypes" : [
          "AddBluntDamage",
          "AddSlashingDamage",
          "AddPiercingDamage",
          "AddFireDamage",
          "AddFrostDamage",
          "AddLightningDamage",
          "AddPoisonDamage",
          "AddSpiritDamage"
        ],
        "AllowedItemTypes" : [
          "OneHandedWeapon",
          "TwoHandedWeapon",
          "Bow",
          "Torch"
        ],
        "ExcludedSkillTypes": [
          "Pickaxes"
        ]
      },
      "ValuesPerRarity" : {
        "Magic" : { "MinValue" : 1, "MaxValue" : 4, "Increment" : 1 },
        "Rare" : { "MinValue" : 3, "MaxValue" : 8, "Increment" : 1 },
        "Epic" : { "MinValue" : 7, "MaxValue" : 15, "Increment" : 1 },
        "Legendary" : { "MinValue" : 15, "MaxValue" : 20, "Increment" : 1 }
      },
      "SelectionWeight" : 1,
      "Prefixes": [ "Frigid" ],
      "Suffixes": [ "Frost" ]
    },
    {
      "Type" : "AddLightningDamage",
      "DisplayText" : "Add +{0:0.#} lightning damage",
      "Requirements" : {
        "ExclusiveEffectTypes" : [
          "AddBluntDamage",
          "AddSlashingDamage",
          "AddPiercingDamage",
          "AddFireDamage",
          "AddFrostDamage",
          "AddLightningDamage",
          "AddPoisonDamage",
          "AddSpiritDamage"
        ],
        "AllowedItemTypes" : [
          "OneHandedWeapon",
          "TwoHandedWeapon",
          "Bow",
          "Torch"
        ],
        "ExcludedSkillTypes": [
          "Pickaxes"
        ]
      },
      "ValuesPerRarity" : {
        "Magic" : { "MinValue" : 1, "MaxValue" : 4, "Increment" : 1 },
        "Rare" : { "MinValue" : 3, "MaxValue" : 8, "Increment" : 1 },
        "Epic" : { "MinValue" : 7, "MaxValue" : 15, "Increment" : 1 },
        "Legendary" : { "MinValue" : 15, "MaxValue" : 20, "Increment" : 1 }
      },
      "SelectionWeight" : 1,
      "Prefixes": [ "Shocking" ],
      "Suffixes": [ "Lightning" ]
    },
    {
      "Type" : "AddPoisonDamage",
      "DisplayText" : "Attacks deal poison damage for {0:0} seconds",
      "Requirements" : {
        "ExclusiveEffectTypes" : [
          "AddBluntDamage",
          "AddSlashingDamage",
          "AddPiercingDamage",
          "AddFireDamage",
          "AddFrostDamage",
          "AddLightningDamage",
          "AddPoisonDamage",
          "AddSpiritDamage"
        ],
        "AllowedItemTypes" : [
          "OneHandedWeapon",
          "TwoHandedWeapon",
          "Bow",
          "Torch"
        ],
        "ExcludedSkillTypes": [
          "Pickaxes"
        ]
      },
      "ValuesPerRarity" : {
        "Magic" : { "MinValue" : 2, "MaxValue" : 4, "Increment" : 1 },
        "Rare" : { "MinValue" : 4, "MaxValue" : 8, "Increment" : 1 },
        "Epic" : { "MinValue" : 8, "MaxValue" : 15, "Increment" : 1 },
        "Legendary" : { "MinValue" : 15, "MaxValue" : 20, "Increment" : 1 }
      },
      "SelectionWeight" : 1,
      "Prefixes": [ "Infected" ],
      "Suffixes": [ "Poison" ]
    },
    {
      "Type" : "AddSpiritDamage",
      "DisplayText" : "Add +{0:0.#} spirit damage",
      "Requirements" : {
        "ExclusiveEffectTypes" : [
          "AddBluntDamage",
          "AddSlashingDamage",
          "AddPiercingDamage",
          "AddFireDamage",
          "AddFrostDamage",
          "AddLightningDamage",
          "AddPoisonDamage",
          "AddSpiritDamage"
        ],
        "AllowedItemTypes" : [
          "OneHandedWeapon",
          "TwoHandedWeapon",
          "Bow",
          "Torch"
        ],
        "ExcludedSkillTypes": [
          "Pickaxes"
        ]
      },
      "ValuesPerRarity" : {
        "Magic" : { "MinValue" : 1, "MaxValue" : 4, "Increment" : 1 },
        "Rare" : { "MinValue" : 3, "MaxValue" : 8, "Increment" : 1 },
        "Epic" : { "MinValue" : 7, "MaxValue" : 15, "Increment" : 1 },
        "Legendary" : { "MinValue" : 15, "MaxValue" : 20, "Increment" : 1 }
      },
      "SelectionWeight" : 1,
      "Prefixes": [ "Spirit" ],
      "Suffixes": [ "the Spirits" ]
    },
    {
      "Type" : "AddFireResistance",
      "DisplayText" : "Gain fire resistance",
      "Requirements" : {
        "NoRoll": true,
        "AllowedItemTypes" : [
          "Helmet",
          "Chest",
          "Legs",
          "Shoulder",
          "Utility",
          "Shield"
        ]
      },
      "SelectionWeight" : 1,
      "Prefixes": [ "Extinguishing" ],
      "Suffixes": [ "Fire Resistance" ]
    },
    {
      "Type" : "AddFrostResistance",
      "DisplayText" : "Gain frost resistance",
      "Requirements" : {
        "NoRoll": true,
        "AllowedItemTypes" : [
          "Helmet",
          "Chest",
          "Legs",
          "Shoulder",
          "Utility",
          "Shield"
        ]
      },
      "SelectionWeight" : 1,
      "Prefixes": [ "Insulated" ],
      "Suffixes": [ "Frost Resistance" ]
    },
    {
      "Type" : "AddLightningResistance",
      "DisplayText" : "Gain lightning resistance",
      "Requirements" : {
        "NoRoll": true,
        "AllowedItemTypes" : [
          "Helmet",
          "Chest",
          "Legs",
          "Shoulder",
          "Utility",
          "Shield"
        ]
      },
      "SelectionWeight" : 1,
      "Prefixes": [ "Grounded" ],
      "Suffixes": [ "Lightning Resistance" ]
    },
    {
      "Type" : "AddPoisonResistance",
      "DisplayText" : "Gain poison resistance",
      "Requirements" : {
        "NoRoll": true,
        "AllowedItemTypes" : [
          "Helmet",
          "Chest",
          "Legs",
          "Shoulder",
          "Utility",
          "Shield"
        ]
      },
      "SelectionWeight" : 1,
      "Prefixes": [ "Curing" ],
      "Suffixes": [ "Poison Resistance" ]
    },
    {
      "Type" : "AddSpiritResistance",
      "DisplayText" : "Gain spirit resistance",
      "Requirements" : {
        "NoRoll": true,
        "AllowedItemTypes" : [
          "Helmet",
          "Chest",
          "Legs",
          "Shoulder",
          "Utility",
          "Shield"
        ]
      },
      "SelectionWeight" : 1,
      "Prefixes": [ "Serene" ],
      "Suffixes": [ "Spirit Resistance" ]
    },
    {
      "Type" : "AddFireResistancePercentage",
      "DisplayText" : "+{0:0.#}% fire damage reduction",
      "Requirements" : {
        "AllowedItemTypes" : [
          "Helmet",
          "Chest",
          "Legs",
          "Shoulder",
          "Utility",
          "Shield"
        ]
      },
      "ValuesPerRarity" : {
        "Magic" : { "MinValue" : 1, "MaxValue" : 4, "Increment" : 1 },
        "Rare" : { "MinValue" : 3, "MaxValue" : 8, "Increment" : 1 },
        "Epic" : { "MinValue" : 7, "MaxValue" : 15, "Increment" : 1 },
        "Legendary" : { "MinValue" : 15, "MaxValue" : 20, "Increment" : 1 }
      },
      "SelectionWeight" : 1,
      "Prefixes": [ "Extinguishing" ],
      "Suffixes": [ "Fire Resistance" ]
    },
    {
      "Type" : "AddFrostResistancePercentage",
      "DisplayText" : "+{0:0.#}% frost damage reduction",
      "Requirements" : {
        "AllowedItemTypes" : [
          "Helmet",
          "Chest",
          "Legs",
          "Shoulder",
          "Utility",
          "Shield"
        ]
      },
      "ValuesPerRarity" : {
        "Magic" : { "MinValue" : 1, "MaxValue" : 4, "Increment" : 1 },
        "Rare" : { "MinValue" : 3, "MaxValue" : 8, "Increment" : 1 },
        "Epic" : { "MinValue" : 7, "MaxValue" : 15, "Increment" : 1 },
        "Legendary" : { "MinValue" : 15, "MaxValue" : 20, "Increment" : 1 }
      },
      "SelectionWeight" : 1,
      "Prefixes": [ "Insulated" ],
      "Suffixes": [ "Frost Resistance" ]
    },
    {
      "Type" : "AddLightningResistancePercentage",
      "DisplayText" : "+{0:0.#}% lightning damage reduction",
      "Requirements" : {
        "AllowedItemTypes" : [
          "Helmet",
          "Chest",
          "Legs",
          "Shoulder",
          "Utility",
          "Shield"
        ]
      },
      "ValuesPerRarity" : {
        "Magic" : { "MinValue" : 1, "MaxValue" : 4, "Increment" : 1 },
        "Rare" : { "MinValue" : 3, "MaxValue" : 8, "Increment" : 1 },
        "Epic" : { "MinValue" : 7, "MaxValue" : 15, "Increment" : 1 },
        "Legendary" : { "MinValue" : 15, "MaxValue" : 20, "Increment" : 1 }
      },
      "SelectionWeight" : 1,
      "Prefixes": [ "Grounded" ],
      "Suffixes": [ "Lightning Resistance" ]
    },
    {
      "Type" : "AddPoisonResistancePercentage",
      "DisplayText" : "+{0:0.#}% poison damage reduction",
      "Requirements" : {
        "AllowedItemTypes" : [
          "Helmet",
          "Chest",
          "Legs",
          "Shoulder",
          "Utility",
          "Shield"
        ]
      },
      "ValuesPerRarity" : {
        "Magic" : { "MinValue" : 1, "MaxValue" : 4, "Increment" : 1 },
        "Rare" : { "MinValue" : 3, "MaxValue" : 8, "Increment" : 1 },
        "Epic" : { "MinValue" : 7, "MaxValue" : 15, "Increment" : 1 },
        "Legendary" : { "MinValue" : 15, "MaxValue" : 20, "Increment" : 1 }
      },
      "SelectionWeight" : 1,
      "Prefixes": [ "Curing" ],
      "Suffixes": [ "Poison Resistance" ]
    },
    {
      "Type" : "AddSpiritResistancePercentage",
      "DisplayText" : "+{0:0.#}% spirit damage reduction",
      "Requirements" : {
        "NoRoll": true,
        "AllowedItemTypes" : [
          "Helmet",
          "Chest",
          "Legs",
          "Shoulder",
          "Utility",
          "Shield"
        ]
      },
      "ValuesPerRarity" : {
        "Magic" : { "MinValue" : 1, "MaxValue" : 4, "Increment" : 1 },
        "Rare" : { "MinValue" : 3, "MaxValue" : 8, "Increment" : 1 },
        "Epic" : { "MinValue" : 7, "MaxValue" : 15, "Increment" : 1 },
        "Legendary" : { "MinValue" : 15, "MaxValue" : 20, "Increment" : 1 }
      },
      "SelectionWeight" : 1,
      "Prefixes": [ "Serene" ],
      "Suffixes": [ "Spirit Resistance" ]
    },
    {
      "Type" : "AddElementalResistancePercentage",
      "DisplayText" : "+{0:0.#}% elemental damage reduction",
      "Requirements" : {
        "AllowedItemTypes" : [
          "Helmet",
          "Chest",
          "Legs",
          "Shoulder",
          "Utility",
          "Shield"
        ]
      },
      "ValuesPerRarity" : {
        "Magic" : { "MinValue" : 1, "MaxValue" : 2, "Increment" : 1 },
        "Rare" : { "MinValue" : 2, "MaxValue" : 4, "Increment" : 1 },
        "Epic" : { "MinValue" : 4, "MaxValue" : 7, "Increment" : 1 },
        "Legendary" : { "MinValue" : 8, "MaxValue" : 10, "Increment" : 1 }
      },
      "SelectionWeight" : 1,
      "Prefixes": [ "Warding" ],
      "Suffixes": [ "Elemental Resistance" ]
    },
    {
      "Type" : "AddBluntResistancePercentage",
      "DisplayText" : "+{0:0.#}% blunt damage reduction",
      "Requirements" : {
        "AllowedItemTypes" : [
          "Helmet",
          "Chest",
          "Legs",
          "Shoulder",
          "Utility",
          "Shield"
        ]
      },
      "ValuesPerRarity" : {
        "Magic" : { "MinValue" : 1, "MaxValue" : 4, "Increment" : 1 },
        "Rare" : { "MinValue" : 3, "MaxValue" : 8, "Increment" : 1 },
        "Epic" : { "MinValue" : 7, "MaxValue" : 15, "Increment" : 1 },
        "Legendary" : { "MinValue" : 15, "MaxValue" : 20, "Increment" : 1 }
      },
      "SelectionWeight" : 1,
      "Prefixes": [ "Defensive" ],
      "Suffixes": [ "Blunt Resistance" ]
    },
    {
      "Type" : "AddSlashingResistancePercentage",
      "DisplayText" : "+{0:0.#}% slashing damage reduction",
      "Requirements" : {
        "AllowedItemTypes" : [
          "Helmet",
          "Chest",
          "Legs",
          "Shoulder",
          "Utility",
          "Shield"
        ]
      },
      "ValuesPerRarity" : {
        "Magic" : { "MinValue" : 1, "MaxValue" : 4, "Increment" : 1 },
        "Rare" : { "MinValue" : 3, "MaxValue" : 8, "Increment" : 1 },
        "Epic" : { "MinValue" : 7, "MaxValue" : 15, "Increment" : 1 },
        "Legendary" : { "MinValue" : 15, "MaxValue" : 20, "Increment" : 1 }
      },
      "SelectionWeight" : 1,
      "Prefixes": [ "Impervious" ],
      "Suffixes": [ "Slashing Resistance" ]
    },
    {
      "Type" : "AddPiercingResistancePercentage",
      "DisplayText" : "+{0:0.#}% piercing damage reduction",
      "Requirements" : {
        "AllowedItemTypes" : [
          "Helmet",
          "Chest",
          "Legs",
          "Shoulder",
          "Utility",
          "Shield"
        ]
      },
      "ValuesPerRarity" : {
        "Magic" : { "MinValue" : 1, "MaxValue" : 4, "Increment" : 1 },
        "Rare" : { "MinValue" : 3, "MaxValue" : 8, "Increment" : 1 },
        "Epic" : { "MinValue" : 7, "MaxValue" : 15, "Increment" : 1 },
        "Legendary" : { "MinValue" : 15, "MaxValue" : 20, "Increment" : 1 }
      },
      "SelectionWeight" : 1,
      "Prefixes": [ "Impenetrable" ],
      "Suffixes": [ "Piercing Resistance" ]
    },
    {
      "Type" : "AddChoppingResistancePercentage",
      "DisplayText" : "+{0:0.#}% chopping damage reduction",
      "Requirements" : {
        "NoRoll": true, 
        "AllowedItemTypes" : [
          "Helmet",
          "Chest",
          "Legs",
          "Shoulder",
          "Utility",
          "Shield"
        ]
      },
      "ValuesPerRarity" : {
        "Magic" : { "MinValue" : 1, "MaxValue" : 4, "Increment" : 1 },
        "Rare" : { "MinValue" : 3, "MaxValue" : 8, "Increment" : 1 },
        "Epic" : { "MinValue" : 7, "MaxValue" : 15, "Increment" : 1 },
        "Legendary" : { "MinValue" : 15, "MaxValue" : 20, "Increment" : 1 }
      },
      "SelectionWeight" : 1,
      "Prefixes": [ "" ],
      "Suffixes": [ "" ]
    },
    {
      "Type" : "AddPhysicalResistancePercentage",
      "DisplayText" : "+{0:0.#}% physical damage reduction",
      "Requirements" : {
        "AllowedItemTypes" : [
          "Helmet",
          "Chest",
          "Legs",
          "Shoulder",
          "Utility",
          "Shield"
        ]
      },
      "ValuesPerRarity" : {
        "Magic" : { "MinValue" : 1, "MaxValue" : 2, "Increment" : 1 },
        "Rare" : { "MinValue" : 2, "MaxValue" : 4, "Increment" : 1 },
        "Epic" : { "MinValue" : 4, "MaxValue" : 7, "Increment" : 1 },
        "Legendary" : { "MinValue" : 8, "MaxValue" : 10, "Increment" : 1 }
      },
      "SelectionWeight" : 1,
      "Prefixes": [ "Resistant" ],
      "Suffixes": [ "Physical Resistance" ]
    },
    {
      "Type" : "ModifyMovementSpeed",
      "DisplayText" : "Movement increased by +{0:0.#}%",
      "Requirements" : {
        "ExclusiveEffectTypes" : [
          "RemoveSpeedPenalty"
        ],
        "AllowedItemTypes" : [
          "Legs",
          "Utility"
        ]
      },
      "ValuesPerRarity" : {
        "Magic" : { "MinValue" : 5, "MaxValue" : 10, "Increment" : 1 },
        "Rare" : { "MinValue" : 6, "MaxValue" : 11, "Increment" : 1 },
        "Epic" : { "MinValue" : 7, "MaxValue" : 12, "Increment" : 1 },
        "Legendary" : { "MinValue" : 8, "MaxValue" : 13, "Increment" : 1 }
      },
      "SelectionWeight" : 1,
      "Prefixes": [ "Quick" ],
      "Suffixes": [ "Speed" ]
    },
    {
      "Type" : "ModifySprintStaminaUse",
      "DisplayText" : "Reduce sprint stamina use by -{0:0.#}%",
      "Requirements" : {
        "AllowedItemTypes" : [
          "Legs",
          "Utility"
        ]
      },
      "ValuesPerRarity" : {
        "Magic" : { "MinValue" : 5, "MaxValue" : 10, "Increment" : 1 },
        "Rare" : { "MinValue" : 8, "MaxValue" : 13, "Increment" : 1 },
        "Epic" : { "MinValue" : 11, "MaxValue" : 16, "Increment" : 1 },
        "Legendary" : { "MinValue" : 14, "MaxValue" : 19, "Increment" : 1 }
      },
      "SelectionWeight" : 1,
      "Prefixes": [ "Sprinter's" ],
      "Suffixes": [ "Sprinting" ]
    },
    {
      "Type" : "ModifyJumpStaminaUse",
      "DisplayText" : "Reduce jump stamina use by -{0:0.#}%",
      "Requirements" : {
        "AllowedItemTypes" : [
          "Legs",
          "Utility"
        ]
      },
      "ValuesPerRarity" : {
        "Magic" : { "MinValue" : 5, "MaxValue" : 10, "Increment" : 1 },
        "Rare" : { "MinValue" : 8, "MaxValue" : 13, "Increment" : 1 },
        "Epic" : { "MinValue" : 11, "MaxValue" : 16, "Increment" : 1 },
        "Legendary" : { "MinValue" : 14, "MaxValue" : 19, "Increment" : 1 }
      },
      "SelectionWeight" : 1,
      "Prefixes": [ "Acrobat's" ],
      "Suffixes": [ "the Acrobat" ]
    },
    {
      "Type" : "ModifyAttackStaminaUse",
      "DisplayText" : "Reduce attack stamina use by -{0:0.#}%",
      "Requirements" : {
        "AllowedItemTypes" : [
          "OneHandedWeapon",
          "TwoHandedWeapon",
          "Bow",
          "Torch",
          "Tool"
        ],
        "ItemUsesStaminaOnAttack" : true
      },
      "ValuesPerRarity" : {
        "Magic" : { "MinValue" : 5, "MaxValue" : 10, "Increment" : 1 },
        "Rare" : { "MinValue" : 8, "MaxValue" : 13, "Increment" : 1 },
        "Epic" : { "MinValue" : 11, "MaxValue" : 16, "Increment" : 1 },
        "Legendary" : { "MinValue" : 14, "MaxValue" : 19, "Increment" : 1 }
      },
      "SelectionWeight" : 1,
      "Prefixes": [ "Gladiator's" ],
      "Suffixes": [ "the Gladiator" ]
    },
    {
      "Type" : "ModifyBlockStaminaUse",
      "DisplayText" : "Reduce block stamina use by -{0:0.#}%",
      "Requirements" : {
        "AllowedItemTypes" : [
          "Shield"
        ],
        "ItemHasBlockPower" : true
      },
      "ValuesPerRarity" : {
        "Magic" : { "MinValue" : 5, "MaxValue" : 10, "Increment" : 1 },
        "Rare" : { "MinValue" : 8, "MaxValue" : 13, "Increment" : 1 },
        "Epic" : { "MinValue" : 11, "MaxValue" : 16, "Increment" : 1 },
        "Legendary" : { "MinValue" : 14, "MaxValue" : 19, "Increment" : 1 }
      },
      "SelectionWeight" : 1,
      "Prefixes": [ "Guardian's" ],
      "Suffixes": [ "the Guardian" ]
    },
    {
      "Type" : "Indestructible",
      "DisplayText" : "Indestructible",
      "Requirements" : {
        "ExclusiveEffectTypes" : [
          "ModifyDurability"
        ],
        "AllowedItemTypes" : [
          "OneHandedWeapon",
          "TwoHandedWeapon",
          "Bow",
          "Torch",
          "Tool",
          "Shield",
          "Helmet",
          "Chest",
          "Legs",
          "Shoulder"
        ],
        "AllowedRarities" : [
          "Epic",
          "Legendary"
        ]
      },
      "SelectionWeight" : 1,
      "Prefixes": [ "Indestructible" ],
      "Suffixes": [ "Indestructibility" ]
    },
    {
      "Type" : "Weightless",
      "DisplayText" : "Weightless",
      "Requirements" : {
        "ExclusiveEffectTypes" : [
          "ReduceWeight"
        ],
        "AllowedItemTypes" : [
          "OneHandedWeapon",
          "TwoHandedWeapon",
          "Bow",
          "Torch",
          "Tool",
          "Shield",
          "Helmet",
          "Chest",
          "Legs",
          "Shoulder"
        ]
      },
      "SelectionWeight" : 1,
      "Prefixes": [ "Weightless" ],
      "Suffixes": [ "Weightlessness" ]
    },
    {
      "Type" : "AddCarryWeight",
      "DisplayText" : "Increase carry weight by +{0}",
      "Requirements" : {
        "AllowedItemTypes" : [
          "Helmet",
          "Chest",
          "Legs",
          "Shoulder",
          "Utility"
        ]
      },
      "ValuesPerRarity" : {
        "Magic" : { "MinValue" : 5, "MaxValue" : 10, "Increment" : 5 },
        "Rare" : { "MinValue" : 10, "MaxValue" : 15, "Increment" : 5 },
        "Epic" : { "MinValue" : 15, "MaxValue" : 25, "Increment" : 5 },
        "Legendary" : { "MinValue" : 20, "MaxValue" : 50, "Increment" : 5 }
      },
      "SelectionWeight" : 1,
      "Prefixes": [ "Pocketed" ],
      "Suffixes": [ "Pockets" ]
    },
    {
      "Type" : "LifeSteal",
      "DisplayText" : "Heal for {0:0.0}% of damage done",
      "Requirements" : {
        "AllowedItemTypes" : [
          "OneHandedWeapon",
          "TwoHandedWeapon",
          "Bow"
        ],
        "ExcludedSkillTypes": [
          "Pickaxes"
        ],
        "AllowedRarities" : [
          "Rare",
          "Epic",
          "Legendary"
        ],
        "ItemUsesStaminaOnAttack" : true
      },
      "ValuesPerRarity" : {
        "Rare" : { "MinValue" : 0.8, "MaxValue" : 1.4, "Increment" : 0.1 },
        "Epic" : { "MinValue" : 1.5, "MaxValue" : 2.2, "Increment" : 0.1 },
        "Legendary" : { "MinValue" : 2.3, "MaxValue" : 3, "Increment" : 0.1 }
      },
      "SelectionWeight" : 1,
      "Prefixes": [ "Valravn's" ],
      "Suffixes": [ "Valravn" ]
    },
    {
      "Type" : "ModifyAttackSpeed",
      "DisplayText" : "Attack speed increased by +{0:0.#}%",
      "Requirements" : {
        "AllowedItemTypes" : [
          "OneHandedWeapon",
          "TwoHandedWeapon",
          "Bow",
          "Tool"
        ]
      },
      "ValuesPerRarity" : {
        "Magic" : { "MinValue" : 5, "MaxValue" : 10, "Increment" : 1 },
        "Rare" : { "MinValue" : 8, "MaxValue" : 13, "Increment" : 1 },
        "Epic" : { "MinValue" : 11, "MaxValue" : 16, "Increment" : 1 },
        "Legendary" : { "MinValue" : 14, "MaxValue" : 19, "Increment" : 1 }
      },
      "SelectionWeight" : 1,
      "Prefixes": [ "Striker's" ],
      "Suffixes": [ "Striking" ]
    },
    {
      "Type" : "Throwable",
      "DisplayText" : "Throwable",
      "Requirements" : {
        "AllowedItemTypes" : [
          "OneHandedWeapon",
          "TwoHandedWeapon"
        ],
        "ExcludedSkillTypes": [
          "Pickaxes",
          "Spears"
        ]
      },
      "SelectionWeight" : 1,
      "Prefixes": [ "Throwing" ],
      "Suffixes": [ "Throwing" ]
    },
    {
      "Type" : "Waterproof",
      "DisplayText" : "Waterproof",
      "Requirements" : {
        "AllowedItemTypes" : [
          "Shoulder"
        ]
      },
      "SelectionWeight" : 1,
      "Prefixes": [ "Waterproof" ],
      "Suffixes": [ "Water-repelling" ]
    },
    {
      "Type" : "Paralyze",
      "DisplayText" : "Paralyze for {0:0.#} seconds",
      "Requirements" : {
        "NoRoll": true,
        "AllowedItemTypes" : [
          "OneHandedWeapon",
          "TwoHandedWeapon",
          "Bow"
        ],
        "ExcludedSkillTypes": [
          "Pickaxes"
        ]
      },
      "ValuesPerRarity" : {
        "Magic" : { "MinValue" : 0.5, "MaxValue" : 2, "Increment" : 0.5 },
        "Rare" : { "MinValue" : 1, "MaxValue" : 2.5, "Increment" : 0.5 },
        "Epic" : { "MinValue" : 1.5, "MaxValue" : 3, "Increment" : 0.5 },
        "Legendary" : { "MinValue" : 2, "MaxValue" : 4, "Increment" : 0.5 }
      },
      "SelectionWeight" : 1,
      "Prefixes": [ "Paralyzing" ],
      "Suffixes": [ "Paralysis" ]
    },
    {
      "Type" : "DoubleJump",
      "DisplayText" : "$mod_epicloot_me_doublejump",
      "Requirements" : {
        "AllowedItemTypes" : [
          "Legs"
        ],
        "AllowedRarities" : [
          "Epic",
          "Legendary"
        ]
      },
      "SelectionWeight" : 1,
      "Prefixes": [ "$mod_epicloot_me_doublejump_prefix" ],
      "Suffixes": [ "$mod_epicloot_me_doublejump_suffix" ]
    },
    {
      "Type" : "WaterWalking",
      "DisplayText" : "$mod_epicloot_me_waterwalk",
      "Requirements" : {
        "AllowedItemTypes" : [
          "Legs"
        ],
        "AllowedRarities" : [
          "Rare",
          "Epic",
          "Legendary"
        ]
      },
      "SelectionWeight" : 1,
      "Prefixes": [ "$mod_epicloot_me_waterwalk_prefix1", "$mod_epicloot_me_waterwalk_prefix2" ],
      "Suffixes": [ "$mod_epicloot_me_waterwalk_suffix1", "$mod_epicloot_me_waterwalk_suffix2" ]
    },
    {
      "Type" : "ExplosiveArrows",
      "DisplayText" : "Arrows deal +{0:0.#}% fire damage around the target",
      "Requirements" : {
        "AllowedItemTypes" : [
          "Bow"
        ],
        "ExcludedSkillTypes": [
          "Pickaxes"
        ]
      },
      "ValuesPerRarity" : {
        "Magic" : { "MinValue" : 1, "MaxValue" : 4, "Increment" : 1 },
        "Rare" : { "MinValue" : 3, "MaxValue" : 8, "Increment" : 1 },
        "Epic" : { "MinValue" : 7, "MaxValue" : 15, "Increment" : 1 },
        "Legendary" : { "MinValue" : 15, "MaxValue" : 20, "Increment" : 1 }
      },
      "SelectionWeight" : 1,
      "Prefixes": [ "Exploding" ],
      "Suffixes": [ "Explosive" ]
    },
    {
      "Type" : "QuickDraw",
      "DisplayText" : "Increases draw speed by +{0:0.#}%",
      "Requirements" : {
        "AllowedItemTypes" : [
          "Bow"
        ],
        "ExcludedSkillTypes": [
          "Pickaxes"
        ]
      },
      "ValuesPerRarity" : {
        "Magic" : { "MinValue" : 2, "MaxValue" : 8, "Increment" : 1 },
        "Rare" : { "MinValue" : 6, "MaxValue" : 16, "Increment" : 1 },
        "Epic" : { "MinValue" : 14, "MaxValue" : 30, "Increment" : 1 },
        "Legendary" : { "MinValue" : 30, "MaxValue" : 40, "Increment" : 1 }
      },
      "SelectionWeight" : 1,
      "Prefixes": [ "Quick" ],
      "Suffixes": [ "Quick" ]
    }
  ]
}