{
  "MagicItemEffects" : [
    {
      "Type" : "DvergerCirclet",
      "DisplayText" : "Perpetual lightsource",
      "CanBeAugmented": false, 
      "Requirements" : {
        "NoRoll": true
      },
      "Comment" : "Can't be rolled. Just added to make a Magic Item version of this item."
    },
    {
      "Type" : "Megingjord",
      "DisplayText" : "Carry weight increased by +150",
      "CanBeAugmented": false, 
      "Requirements" : {
        "NoRoll": true
      },
      "Comment" : "Can't be rolled. Just added to make a Magic Item version of this item."
    },
    {
      "Type" : "Wishbone",
      "DisplayText" : "Finds secrets",
      "CanBeAugmented": false, 
      "Requirements" : {
        "NoRoll": true
      },
      "Comment" : "Can't be rolled. Just added to make a Magic Item version of this item."
    },
    {
      "Type": "Andvaranaut",
      "DisplayText": "Finds Haldor's treasure chests",
      "CanBeAugmented": false, 
      "Requirements" : {
        "NoRoll": true
      },
      "Comment" : "Can't be rolled. Just added to make a Magic Item version of this item."
    },
    {
      "Type" : "ModifyDamage",
      "DisplayText" : "All damage increased by +{0:0.#}%",
      "CanBeAugmented": false, 
      "Requirements" : {
        "NoRoll": true
      },
      "ValuesPerRarity" : {
        "Magic" : { "MinValue" : 10, "MaxValue" : 20, "Increment" : 1 },
        "Rare" : { "MinValue" : 10, "MaxValue" : 20, "Increment" : 1 },
        "Epic" : { "MinValue" : 10, "MaxValue" : 20, "Increment" : 1 },
        "Legendary" : { "MinValue" : 15, "MaxValue" : 25, "Increment" : 1 }
      },
      "SelectionWeight" : 1,
      "Comment" : "Can't be rolled. Too powerful?"
    },
    {
      "Type" : "ModifyPhysicalDamage",
      "DisplayText" : "Physical damage increased by +{0:0.#}%",
      "Requirements" : {
        "ExclusiveEffectTypes" : [
          "AddBluntDamage",
          "AddSlashingDamage",
          "AddPiercingDamage"
        ],
        "AllowedItemTypes" : [
          "OneHandedWeapon",
          "TwoHandedWeapon",
          "Bow",
          "Torch"
        ],
        "ItemHasPhysicalDamage" : true
      },
      "ValuesPerRarity" : {
        "Magic" : { "MinValue" : 10, "MaxValue" : 20, "Increment" : 1 },
        "Rare" : { "MinValue" : 10, "MaxValue" : 20, "Increment" : 1 },
        "Epic" : { "MinValue" : 10, "MaxValue" : 20, "Increment" : 1 },
        "Legendary" : { "MinValue" : 15, "MaxValue" : 25, "Increment" : 1 }
      },
      "SelectionWeight" : 1,
      "Prefixes": [ "Strong", "Powerful", "Mighty", "Heavy", "Forceful", "Wicked", "Fighter's", "Warrior" ],
      "Suffixes": [ "Strength", "Power", "Might", "Force", "the Warrior" ]
    },
    {
      "Type" : "ModifyElementalDamage",
      "DisplayText" : "Elemental damage increased by +{0:0.#}%",
      "Requirements" : {
        "ExclusiveEffectTypes" : [
          "AddFireDamage",
          "AddFrostDamage",
          "AddLightningDamage"
        ],
        "AllowedItemTypes" : [
          "OneHandedWeapon",
          "TwoHandedWeapon",
          "Bow",
          "Torch"
        ],
        "ItemHasElementalDamage" : true
      },
      "ValuesPerRarity" : {
        "Magic" : { "MinValue" : 10, "MaxValue" : 20, "Increment" : 1 },
        "Rare" : { "MinValue" : 10, "MaxValue" : 20, "Increment" : 1 },
        "Epic" : { "MinValue" : 10, "MaxValue" : 20, "Increment" : 1 },
        "Legendary" : { "MinValue" : 15, "MaxValue" : 25, "Increment" : 1 }
      },
      "SelectionWeight" : 1,
      "Prefixes": [ "Energized", "Empowered", "Charged", "Intensified" ],
      "Suffixes": [ "Energy", "Intensity", "Brilliance" ]
    },
    {
      "Type" : "ModifyDurability",
      "DisplayText" : "Max durability increased by +{0:0.#}%",
      "Requirements" : {
        "ExclusiveEffectTypes" : [
          "Indestructible"
        ],
        "AllowedItemTypes" : [
          "OneHandedWeapon",
          "TwoHandedWeapon",
          "Bow",
          "Torch",
          "Shield",
          "Tool",
          "Helmet",
          "Chest",
          "Legs",
          "Shoulder"
        ],
        "AllowedRarities" : [
          "Magic",
          "Rare",
          "Epic"
        ],
        "ItemUsesDurability" : true
      },
      "ValuesPerRarity" : {
        "Magic" : { "MinValue" : 50, "MaxValue" : 100, "Increment" : 5 },
        "Rare" : { "MinValue" : 50, "MaxValue" : 100, "Increment" : 5 },
        "Epic" : { "MinValue" : 50, "MaxValue" : 100, "Increment" : 5 }
      },
      "SelectionWeight" : 1,
      "Prefixes": [ "Sturdy", "Stout", "Robust" ],
      "Suffixes": [ "Sturdiness", "Robustness", "Stability", "the Ox" ]
    },
    {
      "Type" : "ReduceWeight",
      "DisplayText" : "Weight reduced by -{0:0.#}% ",
      "Requirements" : {
        "ExclusiveEffectTypes" : [
          "Weightless"
        ],
        "AllowedItemTypes" : [
          "OneHandedWeapon",
          "TwoHandedWeapon",
          "Bow",
          "Torch",
          "Shield",
          "Tool",
          "Helmet",
          "Chest",
          "Legs",
          "Shoulder"
        ],
        "AllowedRarities" : [
          "Magic",
          "Rare",
          "Epic"
        ]
      },
      "ValuesPerRarity" : {
        "Magic" : { "MinValue" : 70, "MaxValue" : 90, "Increment" : 5 },
        "Rare" : { "MinValue" : 70, "MaxValue" : 90, "Increment" : 5 },
        "Epic" : { "MinValue" : 70, "MaxValue" : 90, "Increment" : 5 }
      },
      "SelectionWeight" : 1,
      "Prefixes": [ "Light", "Slender" ],
      "Suffixes": [ "the Feather" ]
    },
    {
      "Type" : "RemoveSpeedPenalty",
      "DisplayText" : "Movement speed penalty removed",
      "Requirements" : {
        "ExclusiveEffectTypes" : [
          "ModifyMovementSpeed"
        ],
        "AllowedItemTypes" : [
          "OneHandedWeapon",
          "TwoHandedWeapon",
          "Bow",
          "Torch",
          "Shield",
          "Tool",
          "Helmet",
          "Chest",
          "Legs",
          "Shoulder"
        ],
        "ItemHasNegativeMovementSpeedModifier" : true
      },
      "SelectionWeight" : 1,
      "Prefixes": [ "Agile", "Easy", "Graceful" ],
      "Suffixes": [ "Agility", "Grace" ]
    },
    {
      "Type" : "ModifyBlockPower",
      "DisplayText" : "Block improved by +{0:0.#}%",
      "Requirements" : {
        "AllowedItemTypes" : [
          "Shield"
        ],
        "ItemHasBlockPower" : true
      },
      "ValuesPerRarity" : {
        "Magic" : { "MinValue" : 10, "MaxValue" : 20, "Increment" : 1 },
        "Rare" : { "MinValue" : 10, "MaxValue" : 20, "Increment" : 1 },
        "Epic" : { "MinValue" : 10, "MaxValue" : 20, "Increment" : 1 },
        "Legendary" : { "MinValue" : 15, "MaxValue" : 25, "Increment" : 1 }
      },
      "SelectionWeight" : 1,
      "Prefixes": [ "Stopping", "Defender's" ],
      "Suffixes": [ "Stopping", "the Defender" ]
    },
    {
      "Type" : "ModifyParry",
      "DisplayText" : "Parry improved by +{0:0.#}%",
      "Requirements" : {
        "AllowedItemTypes" : [
          "Shield",
          "TwoHandedWeapon"
        ],
        "ItemHasParryPower" : true
      },
      "ValuesPerRarity" : {
        "Magic" : { "MinValue" : 10, "MaxValue" : 20, "Increment" : 1 },
        "Rare" : { "MinValue" : 10, "MaxValue" : 20, "Increment" : 1 },
        "Epic" : { "MinValue" : 10, "MaxValue" : 20, "Increment" : 1 },
        "Legendary" : { "MinValue" : 15, "MaxValue" : 25, "Increment" : 1 }
      },
      "SelectionWeight" : 1,
      "Prefixes": [ "Elusive", "Rebuking", "Duelist's" ],
      "Suffixes": [ "Repelling", "the Duelist" ]
    },
    {
      "Type" : "ModifyArmor",
      "DisplayText" : "Armor increased by +{0:0.#}%",
      "Requirements" : {
        "AllowedItemTypes" : [
          "Helmet",
          "Chest",
          "Legs",
          "Shoulder",
          "Utility"
        ],
        "ItemHasArmor" : true
      },
      "ValuesPerRarity" : {
        "Magic" : { "MinValue" : 10, "MaxValue" : 20, "Increment" : 1 },
        "Rare" : { "MinValue" : 10, "MaxValue" : 20, "Increment" : 1 },
        "Epic" : { "MinValue" : 10, "MaxValue" : 20, "Increment" : 1 },
        "Legendary" : { "MinValue" : 15, "MaxValue" : 25, "Increment" : 1 }
      },
      "SelectionWeight" : 1,
      "Prefixes": [ "Heavy", "Protected" ],
      "Suffixes": [ "Protection" ]
    },
    {
      "Type" : "ModifyBackstab",
      "DisplayText" : "Backstab improved by +{0:0.#}%",
      "Requirements" : {
        "AllowedSkillTypes" : [
          "Knives",
          "Bows"
        ],
        "ItemHasBackstabBonus" : true
      },
      "ValuesPerRarity" : {
        "Magic" : { "MinValue" : 10, "MaxValue" : 20, "Increment" : 1 },
        "Rare" : { "MinValue" : 10, "MaxValue" : 20, "Increment" : 1 },
        "Epic" : { "MinValue" : 10, "MaxValue" : 20, "Increment" : 1 },
        "Legendary" : { "MinValue" : 15, "MaxValue" : 25, "Increment" : 1 }
      },
      "SelectionWeight" : 1,
      "Prefixes": [ "Assassin's", "Stealthy" ],
      "Suffixes": [ "the Assassin", "Stealth" ]
    },
    {
      "Type" : "IncreaseHealth",
      "DisplayText" : "Health increased by +{0:0}",
      "Requirements" : {
        "AllowedItemTypes" : [
          "Helmet",
          "Chest",
          "Legs",
          "Shoulder",
          "Utility",
          "Shield"
        ]
      },
      "ValuesPerRarity" : {
        "Magic" : { "MinValue" : 10, "MaxValue" : 25, "Increment" : 5 },
        "Rare" : { "MinValue" : 15, "MaxValue" : 30, "Increment" : 5 },
        "Epic" : { "MinValue" : 20, "MaxValue" : 35, "Increment" : 5 },
        "Legendary" : { "MinValue" : 25, "MaxValue" : 50, "Increment" : 5 }
      },
      "SelectionWeight" : 1,
      "Prefixes": [ "Healthy" ],
      "Suffixes": [ "Health" ]
    },
    {
      "Type" : "IncreaseStamina",
      "DisplayText" : "Stamina increased by +{0:0}",
      "Requirements" : {
        "AllowedItemTypes" : [
          "Helmet",
          "Chest",
          "Legs",
          "Shoulder",
          "Utility",
          "Tool"
        ]
      },
      "ValuesPerRarity" : {
        "Magic" : { "MinValue" : 10, "MaxValue" : 25, "Increment" : 5 },
        "Rare" : { "MinValue" : 15, "MaxValue" : 30, "Increment" : 5 },
        "Epic" : { "MinValue" : 20, "MaxValue" : 35, "Increment" : 5 },
        "Legendary" : { "MinValue" : 25, "MaxValue" : 50, "Increment" : 5 }
      },
      "SelectionWeight" : 1,
      "Prefixes": [ "Enduring" ],
      "Suffixes": [ "Endurance" ]
    },
    {
      "Type" : "ModifyHealthRegen",
      "DisplayText" : "Health regen improved by +{0:0.#}%",
      "Requirements" : {
        "AllowedItemTypes" : [
          "Helmet",
          "Chest",
          "Legs",
          "Shoulder",
          "Utility"
        ]
      },
      "ValuesPerRarity" : {
        "Magic" : { "MinValue" : 10, "MaxValue" : 20, "Increment" : 1 },
        "Rare" : { "MinValue" : 10, "MaxValue" : 20, "Increment" : 1 },
        "Epic" : { "MinValue" : 10, "MaxValue" : 20, "Increment" : 1 },
        "Legendary" : { "MinValue" : 15, "MaxValue" : 25, "Increment" : 1 }
      },
      "SelectionWeight" : 1,
      "Prefixes": [ "Vigorous" ],
      "Suffixes": [ "Vigor" ]
    },
    {
      "Type" : "ModifyStaminaRegen",
      "DisplayText" : "Stamina regen improved by +{0:0.#}%",
      "Requirements" : {
        "AllowedItemTypes" : [
          "Helmet",
          "Chest",
          "Legs",
          "Shoulder",
          "Utility",
          "Tool"
        ]
      },
      "ValuesPerRarity" : {
        "Magic" : { "MinValue" : 10, "MaxValue" : 20, "Increment" : 1 },
        "Rare" : { "MinValue" : 10, "MaxValue" : 20, "Increment" : 1 },
        "Epic" : { "MinValue" : 10, "MaxValue" : 20, "Increment" : 1 },
        "Legendary" : { "MinValue" : 15, "MaxValue" : 25, "Increment" : 1 }
      },
      "SelectionWeight" : 1,
      "Prefixes": [ "Recovering" ],
      "Suffixes": [ "Recovery" ]
    },
    {
      "Type" : "AddBluntDamage",
      "DisplayText" : "Add +{0:0.#} blunt damage",
      "Requirements" : {
        "ExclusiveEffectTypes" : [
          "AddBluntDamage",
          "AddSlashingDamage",
          "AddPiercingDamage",
          "AddFireDamage",
          "AddFrostDamage",
          "AddLightningDamage",
          "AddPoisonDamage",
          "AddSpiritDamage"
        ],
        "AllowedItemTypes" : [
          "OneHandedWeapon",
          "TwoHandedWeapon",
          "Bow",
          "Torch"
        ]
      },
      "ValuesPerRarity" : {
        "Magic" : { "MinValue" : 1, "MaxValue" : 4, "Increment" : 1 },
        "Rare" : { "MinValue" : 3, "MaxValue" : 8, "Increment" : 1 },
        "Epic" : { "MinValue" : 7, "MaxValue" : 15, "Increment" : 1 },
        "Legendary" : { "MinValue" : 15, "MaxValue" : 20, "Increment" : 1 }
      },
      "SelectionWeight" : 1,
      "Prefixes": [ "Brute" ],
      "Suffixes": [ "Bludgeoning" ]
    },
    {
      "Type" : "AddSlashingDamage",
      "DisplayText" : "Add +{0:0.#} slashing damage",
      "Requirements" : {
        "ExclusiveEffectTypes" : [
          "AddBluntDamage",
          "AddSlashingDamage",
          "AddPiercingDamage",
          "AddFireDamage",
          "AddFrostDamage",
          "AddLightningDamage",
          "AddPoisonDamage",
          "AddSpiritDamage"
        ],
        "AllowedItemTypes" : [
          "OneHandedWeapon",
          "TwoHandedWeapon",
          "Bow",
          "Torch"
        ]
      },
      "ValuesPerRarity" : {
        "Magic" : { "MinValue" : 1, "MaxValue" : 4, "Increment" : 1 },
        "Rare" : { "MinValue" : 3, "MaxValue" : 8, "Increment" : 1 },
        "Epic" : { "MinValue" : 7, "MaxValue" : 15, "Increment" : 1 },
        "Legendary" : { "MinValue" : 15, "MaxValue" : 20, "Increment" : 1 }
      },
      "SelectionWeight" : 1,
      "Prefixes": [ "Sharp", "Keen" ],
      "Suffixes": [ "Slashing", "Cutting" ]
    },
    {
      "Type" : "AddPiercingDamage",
      "DisplayText" : "Add +{0:0.#} piercing damage",
      "Requirements" : {
        "ExclusiveEffectTypes" : [
          "AddBluntDamage",
          "AddSlashingDamage",
          "AddPiercingDamage",
          "AddFireDamage",
          "AddFrostDamage",
          "AddLightningDamage",
          "AddPoisonDamage",
          "AddSpiritDamage"
        ],
        "AllowedItemTypes" : [
          "OneHandedWeapon",
          "TwoHandedWeapon",
          "Bow",
          "Torch"
        ]
      },
      "ValuesPerRarity" : {
        "Magic" : { "MinValue" : 1, "MaxValue" : 4, "Increment" : 1 },
        "Rare" : { "MinValue" : 3, "MaxValue" : 8, "Increment" : 1 },
        "Epic" : { "MinValue" : 7, "MaxValue" : 15, "Increment" : 1 },
        "Legendary" : { "MinValue" : 15, "MaxValue" : 20, "Increment" : 1 }
      },
      "SelectionWeight" : 1,
      "Prefixes": [ "Spiked", "Barbed" ],
      "Suffixes": [ "Piercing" ]
    },
    {
      "Type" : "AddFireDamage",
      "DisplayText" : "Add +{0:0.#} fire damage",
      "Requirements" : {
        "ExclusiveEffectTypes" : [
          "AddBluntDamage",
          "AddSlashingDamage",
          "AddPiercingDamage",
          "AddFireDamage",
          "AddFrostDamage",
          "AddLightningDamage",
          "AddPoisonDamage",
          "AddSpiritDamage"
        ],
        "AllowedItemTypes" : [
          "OneHandedWeapon",
          "TwoHandedWeapon",
          "Bow",
          "Torch"
        ]
      },
      "ValuesPerRarity" : {
        "Magic" : { "MinValue" : 1, "MaxValue" : 4, "Increment" : 1 },
        "Rare" : { "MinValue" : 3, "MaxValue" : 8, "Increment" : 1 },
        "Epic" : { "MinValue" : 7, "MaxValue" : 15, "Increment" : 1 },
        "Legendary" : { "MinValue" : 15, "MaxValue" : 20, "Increment" : 1 }
      },
      "SelectionWeight" : 1,
      "Prefixes": [ "Blazing" ],
      "Suffixes": [ "Fire" ]
    },
    {
      "Type" : "AddFrostDamage",
      "DisplayText" : "Add +{0:0.#} frost damage",
      "Requirements" : {
        "ExclusiveEffectTypes" : [
          "AddBluntDamage",
          "AddSlashingDamage",
          "AddPiercingDamage",
          "AddFireDamage",
          "AddFrostDamage",
          "AddLightningDamage",
          "AddPoisonDamage",
          "AddSpiritDamage"
        ],
        "AllowedItemTypes" : [
          "OneHandedWeapon",
          "TwoHandedWeapon",
          "Bow",
          "Torch"
        ]
      },
      "ValuesPerRarity" : {
        "Magic" : { "MinValue" : 1, "MaxValue" : 4, "Increment" : 1 },
        "Rare" : { "MinValue" : 3, "MaxValue" : 8, "Increment" : 1 },
        "Epic" : { "MinValue" : 7, "MaxValue" : 15, "Increment" : 1 },
        "Legendary" : { "MinValue" : 15, "MaxValue" : 20, "Increment" : 1 }
      },
      "SelectionWeight" : 1,
      "Prefixes": [ "Frigid" ],
      "Suffixes": [ "Frost" ]
    },
    {
      "Type" : "AddLightningDamage",
      "DisplayText" : "Add +{0:0.#} lightning damage",
      "Requirements" : {
        "ExclusiveEffectTypes" : [
          "AddBluntDamage",
          "AddSlashingDamage",
          "AddPiercingDamage",
          "AddFireDamage",
          "AddFrostDamage",
          "AddLightningDamage",
          "AddPoisonDamage",
          "AddSpiritDamage"
        ],
        "AllowedItemTypes" : [
          "OneHandedWeapon",
          "TwoHandedWeapon",
          "Bow",
          "Torch"
        ]
      },
      "ValuesPerRarity" : {
        "Magic" : { "MinValue" : 1, "MaxValue" : 4, "Increment" : 1 },
        "Rare" : { "MinValue" : 3, "MaxValue" : 8, "Increment" : 1 },
        "Epic" : { "MinValue" : 7, "MaxValue" : 15, "Increment" : 1 },
        "Legendary" : { "MinValue" : 15, "MaxValue" : 20, "Increment" : 1 }
      },
      "SelectionWeight" : 1,
      "Prefixes": [ "Shocking" ],
      "Suffixes": [ "Lightning" ]
    },
    {
      "Type" : "AddPoisonDamage",
      "DisplayText" : "Attacks deal poison damage for {0:0} seconds",
      "Requirements" : {
        "ExclusiveEffectTypes" : [
          "AddBluntDamage",
          "AddSlashingDamage",
          "AddPiercingDamage",
          "AddFireDamage",
          "AddFrostDamage",
          "AddLightningDamage",
          "AddPoisonDamage",
          "AddSpiritDamage"
        ],
        "AllowedItemTypes" : [
          "OneHandedWeapon",
          "TwoHandedWeapon",
          "Bow",
          "Torch"
        ]
      },
      "ValuesPerRarity" : {
        "Magic" : { "MinValue" : 2, "MaxValue" : 4, "Increment" : 1 },
        "Rare" : { "MinValue" : 4, "MaxValue" : 8, "Increment" : 1 },
        "Epic" : { "MinValue" : 8, "MaxValue" : 15, "Increment" : 1 },
        "Legendary" : { "MinValue" : 15, "MaxValue" : 20, "Increment" : 1 }
      },
      "SelectionWeight" : 1,
      "Prefixes": [ "Infected" ],
      "Suffixes": [ "Poison" ]
    },
    {
      "Type" : "AddSpiritDamage",
      "DisplayText" : "Add +{0:0.#} spirit damage",
      "Requirements" : {
        "ExclusiveEffectTypes" : [
          "AddBluntDamage",
          "AddSlashingDamage",
          "AddPiercingDamage",
          "AddFireDamage",
          "AddFrostDamage",
          "AddLightningDamage",
          "AddPoisonDamage",
          "AddSpiritDamage"
        ],
        "AllowedItemTypes" : [
          "OneHandedWeapon",
          "TwoHandedWeapon",
          "Bow",
          "Torch"
        ]
      },
      "ValuesPerRarity" : {
        "Magic" : { "MinValue" : 1, "MaxValue" : 4, "Increment" : 1 },
        "Rare" : { "MinValue" : 3, "MaxValue" : 8, "Increment" : 1 },
        "Epic" : { "MinValue" : 7, "MaxValue" : 15, "Increment" : 1 },
        "Legendary" : { "MinValue" : 15, "MaxValue" : 20, "Increment" : 1 }
      },
      "SelectionWeight" : 1,
      "Prefixes": [ "Spirit" ],
      "Suffixes": [ "the Spirits" ]
    },
    {
      "Type" : "AddFireResistance",
      "DisplayText" : "Gain fire resistance",
      "Requirements" : {
        "AllowedItemTypes" : [
          "Helmet",
          "Chest",
          "Legs",
          "Shoulder",
          "Utility",
          "Shield"
        ]
      },
      "SelectionWeight" : 1,
      "Prefixes": [ "Extinguishing" ],
      "Suffixes": [ "Fire Resistance" ]
    },
    {
      "Type" : "AddFrostResistance",
      "DisplayText" : "Gain frost resistance",
      "Requirements" : {
        "AllowedItemTypes" : [
          "Helmet",
          "Chest",
          "Legs",
          "Shoulder",
          "Utility",
          "Shield"
        ]
      },
      "SelectionWeight" : 1,
      "Prefixes": [ "Insulated" ],
      "Suffixes": [ "Frost Resistance" ]
    },
    {
      "Type" : "AddLightningResistance",
      "DisplayText" : "Gain lightning resistance",
      "Requirements" : {
        "AllowedItemTypes" : [
          "Helmet",
          "Chest",
          "Legs",
          "Shoulder",
          "Utility",
          "Shield"
        ]
      },
      "SelectionWeight" : 1,
      "Prefixes": [ "Grounded" ],
      "Suffixes": [ "Lightning Resistance" ]
    },
    {
      "Type" : "AddPoisonResistance",
      "DisplayText" : "Gain poison resistance",
      "Requirements" : {
        "AllowedItemTypes" : [
          "Helmet",
          "Chest",
          "Legs",
          "Shoulder",
          "Utility",
          "Shield"
        ]
      },
      "SelectionWeight" : 1,
      "Prefixes": [ "Curing" ],
      "Suffixes": [ "Poison Resistance" ]
    },
    {
      "Type" : "AddSpiritResistance",
      "DisplayText" : "Gain spirit resistance",
      "Requirements" : {
        "AllowedItemTypes" : [
          "Helmet",
          "Chest",
          "Legs",
          "Shoulder",
          "Utility",
          "Shield"
        ]
      },
      "SelectionWeight" : 1,
      "Prefixes": [ "Serene" ],
      "Suffixes": [ "Spirit Resistance" ]
    },
    {
      "Type" : "ModifyMovementSpeed",
      "DisplayText" : "Movement increased by +{0:0.#}%",
      "Requirements" : {
        "ExclusiveEffectTypes" : [
          "RemoveSpeedPenalty"
        ],
        "AllowedItemTypes" : [
          "Legs",
          "Utility"
        ]
      },
      "ValuesPerRarity" : {
        "Magic" : { "MinValue" : 5, "MaxValue" : 10, "Increment" : 1 },
        "Rare" : { "MinValue" : 6, "MaxValue" : 11, "Increment" : 1 },
        "Epic" : { "MinValue" : 7, "MaxValue" : 12, "Increment" : 1 },
        "Legendary" : { "MinValue" : 8, "MaxValue" : 13, "Increment" : 1 }
      },
      "SelectionWeight" : 1,
      "Prefixes": [ "Quick" ],
      "Suffixes": [ "Speed" ]
    },
    {
      "Type" : "ModifySprintStaminaUse",
      "DisplayText" : "Reduce sprint stamina use by -{0:0.#}%",
      "Requirements" : {
        "AllowedItemTypes" : [
          "Legs",
          "Utility"
        ]
      },
      "ValuesPerRarity" : {
        "Magic" : { "MinValue" : 5, "MaxValue" : 10, "Increment" : 1 },
        "Rare" : { "MinValue" : 8, "MaxValue" : 13, "Increment" : 1 },
        "Epic" : { "MinValue" : 11, "MaxValue" : 16, "Increment" : 1 },
        "Legendary" : { "MinValue" : 14, "MaxValue" : 19, "Increment" : 1 }
      },
      "SelectionWeight" : 1,
      "Prefixes": [ "Sprinter's" ],
      "Suffixes": [ "Sprinting" ]
    },
    {
      "Type" : "ModifyJumpStaminaUse",
      "DisplayText" : "Reduce jump stamina use by -{0:0.#}%",
      "Requirements" : {
        "AllowedItemTypes" : [
          "Legs",
          "Utility"
        ]
      },
      "ValuesPerRarity" : {
        "Magic" : { "MinValue" : 5, "MaxValue" : 10, "Increment" : 1 },
        "Rare" : { "MinValue" : 8, "MaxValue" : 13, "Increment" : 1 },
        "Epic" : { "MinValue" : 11, "MaxValue" : 16, "Increment" : 1 },
        "Legendary" : { "MinValue" : 14, "MaxValue" : 19, "Increment" : 1 }
      },
      "SelectionWeight" : 1,
      "Prefixes": [ "Acrobat's" ],
      "Suffixes": [ "the Acrobat" ]
    },
    {
      "Type" : "ModifyAttackStaminaUse",
      "DisplayText" : "Reduce attack stamina use by -{0:0.#}%",
      "Requirements" : {
        "AllowedItemTypes" : [
          "OneHandedWeapon",
          "TwoHandedWeapon",
          "Bow",
          "Torch",
          "Tool"
        ],
        "ItemUsesStaminaOnAttack" : true
      },
      "ValuesPerRarity" : {
        "Magic" : { "MinValue" : 5, "MaxValue" : 10, "Increment" : 1 },
        "Rare" : { "MinValue" : 8, "MaxValue" : 13, "Increment" : 1 },
        "Epic" : { "MinValue" : 11, "MaxValue" : 16, "Increment" : 1 },
        "Legendary" : { "MinValue" : 14, "MaxValue" : 19, "Increment" : 1 }
      },
      "SelectionWeight" : 1,
      "Prefixes": [ "Gladiator's" ],
      "Suffixes": [ "the Gladiator" ]
    },
    {
      "Type" : "ModifyBlockStaminaUse",
      "DisplayText" : "Reduce block stamina use by -{0:0.#}%",
      "Requirements" : {
        "AllowedItemTypes" : [
          "Shield"
        ],
        "ItemHasBlockPower" : true
      },
      "ValuesPerRarity" : {
        "Magic" : { "MinValue" : 5, "MaxValue" : 10, "Increment" : 1 },
        "Rare" : { "MinValue" : 8, "MaxValue" : 13, "Increment" : 1 },
        "Epic" : { "MinValue" : 11, "MaxValue" : 16, "Increment" : 1 },
        "Legendary" : { "MinValue" : 14, "MaxValue" : 19, "Increment" : 1 }
      },
      "SelectionWeight" : 1,
      "Prefixes": [ "Guardian's" ],
      "Suffixes": [ "the Guardian" ]
    },
    {
      "Type" : "Indestructible",
      "DisplayText" : "Indestructible",
      "Requirements" : {
        "ExclusiveEffectTypes" : [
          "ModifyDurability"
        ],
        "AllowedItemTypes" : [
          "OneHandedWeapon",
          "TwoHandedWeapon",
          "Bow",
          "Torch",
          "Tool",
          "Shield",
          "Helmet",
          "Chest",
          "Legs",
          "Shoulder"
        ],
        "AllowedRarities" : [
          "Epic",
          "Legendary"
        ]
      },
      "SelectionWeight" : 1,
      "Prefixes": [ "Indestructible" ],
      "Suffixes": [ "Indestructibility" ]
    },
    {
      "Type" : "Weightless",
      "DisplayText" : "Weightless",
      "Requirements" : {
        "ExclusiveEffectTypes" : [
          "ReduceWeight"
        ],
        "AllowedItemTypes" : [
          "OneHandedWeapon",
          "TwoHandedWeapon",
          "Bow",
          "Torch",
          "Tool",
          "Shield",
          "Helmet",
          "Chest",
          "Legs",
          "Shoulder"
        ]
      },
      "SelectionWeight" : 1,
      "Prefixes": [ "Weightless" ],
      "Suffixes": [ "Weightlessness" ]
    },
    {
      "Type" : "AddCarryWeight",
      "DisplayText" : "Increase carry weight by +{0}",
      "Requirements" : {
        "AllowedItemTypes" : [
          "Helmet",
          "Chest",
          "Legs",
          "Shoulder",
          "Utility"
        ]
      },
      "ValuesPerRarity" : {
        "Magic" : { "MinValue" : 5, "MaxValue" : 10, "Increment" : 5 },
        "Rare" : { "MinValue" : 10, "MaxValue" : 15, "Increment" : 5 },
        "Epic" : { "MinValue" : 15, "MaxValue" : 25, "Increment" : 5 },
        "Legendary" : { "MinValue" : 20, "MaxValue" : 50, "Increment" : 5 }
      },
      "SelectionWeight" : 1,
      "Prefixes": [ "Pocketed" ],
      "Suffixes": [ "Pockets" ]
    }
  ]
}