{
  "mod_epicloot_item_andvaranaut": "Andvaranaut",
  "mod_epicloot_item_andvaranaut_tooltip": "Helps you find treasure chests from Haldor's maps. Move in the direction the pings get more intense.",
  "mod_epicloot_item_andvaranaut_startmsg": "You can sense gold\n(No, wait, just Haldor's treasure chests. Dammit Loki!)",
  "mod_epicloot_item_andvaranaut_type": "dwarven ring",
  "mod_epicloot_se_paralyze": "Paralyze",
  "mod_epicloot_merchant_secretstash": "Secret Stash",
  "mod_epicloot_merchant_gamble": "Gamble",
  "mod_epicloot_merchant_treasuremaps": "Treasure Maps",
  "mod_epicloot_merchant_bounties": "Bounties",
  "mod_epicloot_merchant_bountiesavailable": "Available",
  "mod_epicloot_merchant_acceptbounty": "Accept Bounty",
  "mod_epicloot_merchant_bountiesactive": "Active",
  "mod_epicloot_merchant_claimreward": "Claim Reward",
  "mod_epicloot_merchant_abandonbounty": "Abandon Bounty",
  "mod_epicloot_merchant_abandonbountyconfirm": "Abandon Bounty?",
  "mod_epicloot_merchant_abandonbountydesc": "It may not be accepted again",
  "mod_epicloot_merchant_buy": "Abandon Bounty",
  "mod_epicloot_bounties_locatingmsg": "Locating Bounty Target...",
  "mod_epicloot_bounties_completemsg": "Bounty Vanquished!",
  "mod_epicloot_bounties_claimedmsg": "Bounty Claimed!",
  "mod_epicloot_bounties_notcompletetooltip": "Not complete yet",
  "mod_epicloot_bounties_noroomtooltip": "No room in inventory for reward",
  "mod_epicloot_merchant_cannotafford": "Cannot afford",
  "mod_epicloot_merchant_noroomtooltip": "No room in inventory",
  "mod_epicloot_merchant_purchasedtooltip": "Already purchased",
  "mod_epicloot_merchant_unknown": "???",
  "mod_epicloot_merchant_days": "d",
  "mod_epicloot_merchant_hours": "h",
  "mod_epicloot_merchant_minutes": "m",
  "mod_epicloot_merchant_seconds": "s",
  "mod_epicloot_treasuremap_locatingmsg": "Preparing Treasure Map...",
  "mod_epicloot_bounties_tooltip": "Travel to the <color=#31eb41>$1</color> and locate $2 the <color=#f03232>$3</color>. $4. Return to me when it is done.",
  "mod_epicloot_bounties_tooltip_slay": "Slay it{adds}",
  "mod_epicloot_bounties_tooltip_slaymultiple": "Slay it and its minions",
  "mod_epicloot_bounties_tooltip_rewards": "Rewards:",
  "mod_epicloot_bounties_tooltip_status": "Status:",
  "mod_epicloot_bounties_tooltip_available": "Available",
  "mod_epicloot_bounties_tooltip_inprogress": "In Progress",
  "mod_epicloot_bounties_tooltip_vanquished": "Vanquished!",
  "mod_epicloot_bounties_tooltip_claimed": "Claimed",
  "mod_epicloot_bounties_minionname": "$1 Minion",
  "mod_epicloot_gamble_tooltip": "Pay a premium for a chance at a magic item!",
  "mod_epicloot_gamble_tooltip_chance": "Chance for:",
  "mod_epicloot_gamble_tooltip_nonmagic": "Non-magic",
  "mod_epicloot_merchant_rollovertime": "Rollover Time: Midnight",
  "mod_epicloot_merchant_refreshday": "Every in-game day",
  "mod_epicloot_merchant_refreshdays": "Every $1 in-game days",
  "mod_epicloot_treasurechest_minimappin": "Treasure Chest: $1 #$2",
  "mod_epicloot_bounty_minimappin": "Bounty: $1",
  "mod_epicloot_treasurechest_name": "Treasure Chest: $1 #$2",
  "mod_epicloot_treasuremap_name": "Treasure Map: $1 #$2",
  "mod_epicloot_treasuremap_tooltip": "This folded piece of ragged parchment has a big red X marked on it, somewhere in the $1...",
  "mod_epicloot_magic": "Magic",
  "mod_epicloot_rare": "Rare",
  "mod_epicloot_epic": "Epic",
  "mod_epicloot_legendary": "Legendary"
}
