﻿{
  "mod_epicloot_sacrifice": "Sacrifice",
  "mod_epicloot_sacrifice_warning": "This item will be DESTROYED as a SACRIFICE to the gods.", 
  "mod_epicloot_sacrifice_explanation": "Destroy this item and get:", 
  "mod_epicloot_sacrifice_equipped": "Item is currently equipped", 
  "mod_epicloot_sacrifice_inventoryfullexplanation": "(Inventory was full when crafting)", 
  "mod_epicloot_sacrificeall": "Sacrifice All",

  "mod_epicloot_augment_keep": "keep",

  "mod_epicloot_item_andvaranaut": "Andvaranaut",
  "mod_epicloot_item_andvaranaut_tooltip": "Helps you find treasure chests from Haldor's maps. Move in the direction the pings get more intense.",
  "mod_epicloot_item_andvaranaut_startmsg": "You can sense gold\n(No, wait, just Haldor's treasure chests. Dammit Loki!)",
  "mod_epicloot_item_andvaranaut_type": "dwarven ring",

  "mod_epicloot_se_paralyze": "Paralyze",
  "mod_epicloot_se_bulwark": "Bulwark",
  "mod_epicloot_se_bulwark_tooltip": "Heimdall's Legacy protects you from all damage!",
  "mod_epicloot_se_bulwark_startmessage": "Bulwark Activated",
  "mod_epicloot_se_undying": "Undying",
  "mod_epicloot_se_undying_tooltip": "Heimdall saves you from certain death! Gain immunity from damage for 3 seconds.",
  "mod_epicloot_se_undying_startmessage": "Heimdall saves you from certain death!",
  "mod_epicloot_se_berserker": "Berserker", 
  "mod_epicloot_se_berserker_tooltip": "You cannot regenerate health, but deal +50% to +200% damage based on health missing.", 
  "mod_epicloot_se_berserker_startmessage": "Raaaage!!", 

  "mod_epicloot_bounties_claimedmsg": "Bounty Claimed!",
  "mod_epicloot_bounties_completemsg": "Bounty Vanquished!",
  "mod_epicloot_bounties_locatingmsg": "Locating Bounty Target...",
  "mod_epicloot_bounties_minionname": "$1 Minion",
  "mod_epicloot_bounties_noroomtooltip": "No room in inventory for reward",
  "mod_epicloot_bounties_notcompletetooltip": "Not complete yet",
  "mod_epicloot_bounties_prefix_acid": "Acid",
  "mod_epicloot_bounties_prefix_aeztr": "Aeztr",
  "mod_epicloot_bounties_prefix_agukir": "Agukir",
  "mod_epicloot_bounties_prefix_ajath": "Ajath",
  "mod_epicloot_bounties_prefix_akanoth": "Akanoth",
  "mod_epicloot_bounties_prefix_almollak": "Almollak",
  "mod_epicloot_bounties_prefix_anarchis": "Anarchis",
  "mod_epicloot_bounties_prefix_anger": "Anger",
  "mod_epicloot_bounties_prefix_anguish": "Anguish",
  "mod_epicloot_bounties_prefix_asja": "Asja",
  "mod_epicloot_bounties_prefix_aunuksih": "Aunuksih",
  "mod_epicloot_bounties_prefix_awnd": "Awnd",
  "mod_epicloot_bounties_prefix_azath": "Azath",
  "mod_epicloot_bounties_prefix_azzamod": "Azzamod",
  "mod_epicloot_bounties_prefix_bagthamuun": "Bagthamuun",
  "mod_epicloot_bounties_prefix_barb": "Barb",
  "mod_epicloot_bounties_prefix_bathtador": "Bathtador",
  "mod_epicloot_bounties_prefix_bein": "Bein",
  "mod_epicloot_bounties_prefix_bepshish": "Bepshish",
  "mod_epicloot_bounties_prefix_blemish": "Blemish",
  "mod_epicloot_bounties_prefix_blent": "Blent",
  "mod_epicloot_bounties_prefix_bone": "Bone",
  "mod_epicloot_bounties_prefix_boninned": "Boninned",
  "mod_epicloot_bounties_prefix_borth": "Borth",
  "mod_epicloot_bounties_prefix_bracknik": "Bracknik",
  "mod_epicloot_bounties_prefix_brazrannug": "Brazrannug",
  "mod_epicloot_bounties_prefix_caella": "Caella",
  "mod_epicloot_bounties_prefix_danger": "Danger",
  "mod_epicloot_bounties_prefix_deakgu": "Deakgu",
  "mod_epicloot_bounties_prefix_deceit": "Deceit",
  "mod_epicloot_bounties_prefix_deraria": "Deraria",
  "mod_epicloot_bounties_prefix_desonia": "Desonia",
  "mod_epicloot_bounties_prefix_dogmozun": "Dogmozun",
  "mod_epicloot_bounties_prefix_domr": "Domr",
  "mod_epicloot_bounties_prefix_dread": "Dread",
  "mod_epicloot_bounties_prefix_drogtherun": "Drogtherun",
  "mod_epicloot_bounties_prefix_drorothiuk": "Drorothiuk",
  "mod_epicloot_bounties_prefix_dugi": "Dugi",
  "mod_epicloot_bounties_prefix_dulphumph": "Dulphumph",
  "mod_epicloot_bounties_prefix_dwent": "Dwent",
  "mod_epicloot_bounties_prefix_envy": "Envy",
  "mod_epicloot_bounties_prefix_etherezi": "Etherezi",
  "mod_epicloot_bounties_prefix_ezeret": "Ezeret",
  "mod_epicloot_bounties_prefix_fafseal": "Fafseal",
  "mod_epicloot_bounties_prefix_fame": "Fame",
  "mod_epicloot_bounties_prefix_fate": "Fate",
  "mod_epicloot_bounties_prefix_feairi": "Feairi",
  "mod_epicloot_bounties_prefix_fear": "Fear",
  "mod_epicloot_bounties_prefix_felagi": "Felagi",
  "mod_epicloot_bounties_prefix_feldgulg": "Feldgulg",
  "mod_epicloot_bounties_prefix_feral": "Feral",
  "mod_epicloot_bounties_prefix_floerd": "Floerd",
  "mod_epicloot_bounties_prefix_florialle": "Florialle",
  "mod_epicloot_bounties_prefix_florola": "Florola",
  "mod_epicloot_bounties_prefix_frodi": "Frodi",
  "mod_epicloot_bounties_prefix_frosti": "Frosti",
  "mod_epicloot_bounties_prefix_funa": "Funa",
  "mod_epicloot_bounties_prefix_fwent": "Fwent",
  "mod_epicloot_bounties_prefix_gagrellan": "Gagrellan",
  "mod_epicloot_bounties_prefix_gallhag": "Gallhag",
  "mod_epicloot_bounties_prefix_garunoth": "Garunoth",
  "mod_epicloot_bounties_prefix_griever": "Griever",
  "mod_epicloot_bounties_prefix_grima": "Grima",
  "mod_epicloot_bounties_prefix_hagr": "Hagr",
  "mod_epicloot_bounties_prefix_hath": "Hath",
  "mod_epicloot_bounties_prefix_hatred": "Hatred",
  "mod_epicloot_bounties_prefix_helleanor": "Helleanor",
  "mod_epicloot_bounties_prefix_hephinore": "Hephinore",
  "mod_epicloot_bounties_prefix_hermadi": "Hermadi",
  "mod_epicloot_bounties_prefix_hildr": "Hildr",
  "mod_epicloot_bounties_prefix_hjala": "Hjala",
  "mod_epicloot_bounties_prefix_hluti": "Hluti",
  "mod_epicloot_bounties_prefix_horron": "Horron",
  "mod_epicloot_bounties_prefix_horror": "Horror",
  "mod_epicloot_bounties_prefix_igurg": "Igurg",
  "mod_epicloot_bounties_prefix_irrad": "Irrad",
  "mod_epicloot_bounties_prefix_ithturus": "Ithturus",
  "mod_epicloot_bounties_prefix_jaugruje": "Jaugruje",
  "mod_epicloot_bounties_prefix_jecsuqut": "Jecsuqut",
  "mod_epicloot_bounties_prefix_jekegshout": "Jekegshout",
  "mod_epicloot_bounties_prefix_jougyeq": "Jougyeq",
  "mod_epicloot_bounties_prefix_kolruzok": "Kolruzok",
  "mod_epicloot_bounties_prefix_kula": "Kula",
  "mod_epicloot_bounties_prefix_litlaus": "Litlaus",
  "mod_epicloot_bounties_prefix_lorethe": "Lorethe",
  "mod_epicloot_bounties_prefix_lugdum": "Lugdum",
  "mod_epicloot_bounties_prefix_lyvise": "Lyvise",
  "mod_epicloot_bounties_prefix_malice": "Malice",
  "mod_epicloot_bounties_prefix_malmr": "Malmr",
  "mod_epicloot_bounties_prefix_margath": "Margath",
  "mod_epicloot_bounties_prefix_mask": "Mask",
  "mod_epicloot_bounties_prefix_mattr": "Mattr",
  "mod_epicloot_bounties_prefix_mighty": "Mighty",
  "mod_epicloot_bounties_prefix_mimir": "Mimir",
  "mod_epicloot_bounties_prefix_mol": "Mol",
  "mod_epicloot_bounties_prefix_moleck": "Moleck",
  "mod_epicloot_bounties_prefix_moloth": "Moloth",
  "mod_epicloot_bounties_prefix_morbius": "Morbius",
  "mod_epicloot_bounties_prefix_mordvig": "Mordvig",
  "mod_epicloot_bounties_prefix_natt": "Natt",
  "mod_epicloot_bounties_prefix_nehgac": "Nehgac",
  "mod_epicloot_bounties_prefix_nelleanor": "Nelleanor",
  "mod_epicloot_bounties_prefix_nephyana": "Nephyana",
  "mod_epicloot_bounties_prefix_night": "Night",
  "mod_epicloot_bounties_prefix_noxuc": "Noxuc",
  "mod_epicloot_bounties_prefix_nucsus": "Nucsus",
  "mod_epicloot_bounties_prefix_nysalin": "Nysalin",
  "mod_epicloot_bounties_prefix_olganeth": "Olganeth",
  "mod_epicloot_bounties_prefix_opathu": "Opathu",
  "mod_epicloot_bounties_prefix_orinys": "Orinys",
  "mod_epicloot_bounties_prefix_orrakith": "Orrakith",
  "mod_epicloot_bounties_prefix_ostronag": "Ostronag",
  "mod_epicloot_bounties_prefix_osuxah": "Osuxah",
  "mod_epicloot_bounties_prefix_ovaettr": "Ovaettr",
  "mod_epicloot_bounties_prefix_pnaby": "Pnaby",
  "mod_epicloot_bounties_prefix_pra": "Pra",
  "mod_epicloot_bounties_prefix_qflugi": "Qflugi",
  "mod_epicloot_bounties_prefix_rage": "Rage",
  "mod_epicloot_bounties_prefix_recseh": "Recseh",
  "mod_epicloot_bounties_prefix_rezuaq": "Rezuaq",
  "mod_epicloot_bounties_prefix_rok": "Rok",
  "mod_epicloot_bounties_prefix_rot": "Rot",
  "mod_epicloot_bounties_prefix_ruqujua": "Ruqujua",
  "mod_epicloot_bounties_prefix_sal": "Sal",
  "mod_epicloot_bounties_prefix_scabthatch": "Scabthatch",
  "mod_epicloot_bounties_prefix_scare": "Scare",
  "mod_epicloot_bounties_prefix_scaron": "Scaron",
  "mod_epicloot_bounties_prefix_sezzonas": "Sezzonas",
  "mod_epicloot_bounties_prefix_shadeling": "Shadeling",
  "mod_epicloot_bounties_prefix_shahxuja": "Shahxuja",
  "mod_epicloot_bounties_prefix_skeltal": "Skeltal",
  "mod_epicloot_bounties_prefix_skjar": "Skjar",
  "mod_epicloot_bounties_prefix_skod": "Skod",
  "mod_epicloot_bounties_prefix_skoth": "Skoth",
  "mod_epicloot_bounties_prefix_sloth": "Sloth",
  "mod_epicloot_bounties_prefix_smog": "Smog",
  "mod_epicloot_bounties_prefix_sorguleth": "Sorguleth",
  "mod_epicloot_bounties_prefix_sorrow": "Sorrow",
  "mod_epicloot_bounties_prefix_soul": "Soul",
  "mod_epicloot_bounties_prefix_spirit": "Spirit",
  "mod_epicloot_bounties_prefix_spite": "Spite",
  "mod_epicloot_bounties_prefix_stormerki": "Stormerki",
  "mod_epicloot_bounties_prefix_taustpion": "Taustpion",
  "mod_epicloot_bounties_prefix_terron": "Terron",
  "mod_epicloot_bounties_prefix_terror": "Terror",
  "mod_epicloot_bounties_prefix_theloya": "Theloya",
  "mod_epicloot_bounties_prefix_tiglemun": "Tiglemun",
  "mod_epicloot_bounties_prefix_torment": "Torment",
  "mod_epicloot_bounties_prefix_trostraus": "Trostraus",
  "mod_epicloot_bounties_prefix_twilight": "Twilight",
  "mod_epicloot_bounties_prefix_tyrant": "Tyrant",
  "mod_epicloot_bounties_prefix_tyvase": "Tyvase",
  "mod_epicloot_bounties_prefix_uemiara": "Uemiara",
  "mod_epicloot_bounties_prefix_ugaq": "Ugaq",
  "mod_epicloot_bounties_prefix_und": "Und",
  "mod_epicloot_bounties_prefix_uquxa": "Uquxa",
  "mod_epicloot_bounties_prefix_urnollaar": "Urnollaar",
  "mod_epicloot_bounties_prefix_ushuq": "Ushuq",
  "mod_epicloot_bounties_prefix_vaett": "Vaett",
  "mod_epicloot_bounties_prefix_vam": "Vam",
  "mod_epicloot_bounties_prefix_vind": "Vind",
  "mod_epicloot_bounties_prefix_vit": "Vit",
  "mod_epicloot_bounties_prefix_vozgonoth": "Vozgonoth",
  "mod_epicloot_bounties_prefix_vyneano": "Vyneano",
  "mod_epicloot_bounties_prefix_vynynore": "Vynynore",
  "mod_epicloot_bounties_prefix_waringo": "Waringo",
  "mod_epicloot_bounties_prefix_warrior": "Warrior",
  "mod_epicloot_bounties_prefix_wind": "Wind",
  "mod_epicloot_bounties_prefix_witseab": "Witseab",
  "mod_epicloot_bounties_prefix_wrath": "Wrath",
  "mod_epicloot_bounties_prefix_wurtguth": "Wurtguth",
  "mod_epicloot_bounties_prefix_xaanuzhe": "Xaanuzhe",
  "mod_epicloot_bounties_prefix_xagdrik": "Xagdrik",
  "mod_epicloot_bounties_prefix_xarpug": "Xarpug",
  "mod_epicloot_bounties_prefix_xogdrath": "Xogdrath",
  "mod_epicloot_bounties_prefix_xolgog": "Xolgog",
  "mod_epicloot_bounties_prefix_yegoth": "Yegoth",
  "mod_epicloot_bounties_prefix_yerghug": "Yerghug",
  "mod_epicloot_bounties_prefix_yoryne": "Yoryne",
  "mod_epicloot_bounties_prefix_zephinore": "Zephinore",
  "mod_epicloot_bounties_prefix_zetheret": "Zetheret",
  "mod_epicloot_bounties_prefix_zmak": "Zmak",
  "mod_epicloot_bounties_prefix_zollmallan": "Zollmallan",
  "mod_epicloot_bounties_prefix_zorinak": "Zorinak",
  "mod_epicloot_bounties_suffix_bannerlord": "Bannerlord",
  "mod_epicloot_bounties_suffix_battleborn": "Battleborn",
  "mod_epicloot_bounties_suffix_battlefury": "Battlefury",
  "mod_epicloot_bounties_suffix_bloodspilt": "Bloodspilt",
  "mod_epicloot_bounties_suffix_carrionfeast": "Carrionfeast",
  "mod_epicloot_bounties_suffix_clevermind": "Clevermind",
  "mod_epicloot_bounties_suffix_cursebreaker": "Cursebreaker",
  "mod_epicloot_bounties_suffix_darkcloak": "Darkcloak",
  "mod_epicloot_bounties_suffix_darkshade": "Darkshade",
  "mod_epicloot_bounties_suffix_darkstone": "Darkstone",
  "mod_epicloot_bounties_suffix_dawnbreaker": "Dawnbreaker",
  "mod_epicloot_bounties_suffix_dawnfire": "Dawnfire",
  "mod_epicloot_bounties_suffix_deathgreeting": "Deathgreeting",
  "mod_epicloot_bounties_suffix_deathgrin": "Deathgrin",
  "mod_epicloot_bounties_suffix_dirt_eater": ", Dirt Eater",
  "mod_epicloot_bounties_suffix_doomsphere": "Doomsphere",
  "mod_epicloot_bounties_suffix_dreadfang": "Dreadfang",
  "mod_epicloot_bounties_suffix_frenzied_raider": ", Frenzied Raider",
  "mod_epicloot_bounties_suffix_glittermist": "Glittermist",
  "mod_epicloot_bounties_suffix_gloryseeker": "Gloryseeker",
  "mod_epicloot_bounties_suffix_greedgallow": "Greedgallow",
  "mod_epicloot_bounties_suffix_griefstrike": "Griefstrike",
  "mod_epicloot_bounties_suffix_hailfall": "Hailfall",
  "mod_epicloot_bounties_suffix_hero_slayer": ", Hero Slayer",
  "mod_epicloot_bounties_suffix_jotunkin": "Jotunkin",
  "mod_epicloot_bounties_suffix_keeper_of_nightmares": ", Keeper of Nightmares",
  "mod_epicloot_bounties_suffix_king_of_the_wicked": ", King of the Wicked",
  "mod_epicloot_bounties_suffix_lamplight": "Lamplight",
  "mod_epicloot_bounties_suffix_lord_of_helheim": ", Lord of Helheim",
  "mod_epicloot_bounties_suffix_marrow_eater": ", Marrow Eater",
  "mod_epicloot_bounties_suffix_mysterious_one": ", Mysterious One",
  "mod_epicloot_bounties_suffix_nightfall": "Nightfall",
  "mod_epicloot_bounties_suffix_nomad_of_the_wastelands": ", Nomad of the Wastelands",
  "mod_epicloot_bounties_suffix_oathbreaker": "Oathbreaker",
  "mod_epicloot_bounties_suffix_of_courage": "of Courage",
  "mod_epicloot_bounties_suffix_of_hostility": "of Hostility",
  "mod_epicloot_bounties_suffix_of_might": "of Might",
  "mod_epicloot_bounties_suffix_of_radiance": "of Radiance",
  "mod_epicloot_bounties_suffix_of_silence": "of Silence",
  "mod_epicloot_bounties_suffix_of_spite": "of Spite",
  "mod_epicloot_bounties_suffix_of_the_banner": "of the Banner",
  "mod_epicloot_bounties_suffix_of_the_darkness": "of the Darkness",
  "mod_epicloot_bounties_suffix_of_tolling_bells": "of Tolling Bells",
  "mod_epicloot_bounties_suffix_of_vengeance": "of Vengeance",
  "mod_epicloot_bounties_suffix_omenbleed": "Omenbleed",
  "mod_epicloot_bounties_suffix_patron_of_the_mad": ", Patron of the Mad",
  "mod_epicloot_bounties_suffix_pestilence": "Pestilence",
  "mod_epicloot_bounties_suffix_pridefall": "Pridefall",
  "mod_epicloot_bounties_suffix_quake": "Quake",
  "mod_epicloot_bounties_suffix_runekennen": "Runekennen",
  "mod_epicloot_bounties_suffix_scythe": "Scythe",
  "mod_epicloot_bounties_suffix_siezefrenzy": "Siezefrenzy",
  "mod_epicloot_bounties_suffix_skullcrusher": "Skullcrusher",
  "mod_epicloot_bounties_suffix_spearpoint": "Spearpoint",
  "mod_epicloot_bounties_suffix_spitemonger": "Spitemonger",
  "mod_epicloot_bounties_suffix_spoiled_one": ", Spoiled One",
  "mod_epicloot_bounties_suffix_starfall": "Starfall",
  "mod_epicloot_bounties_suffix_starlight": "Starlight",
  "mod_epicloot_bounties_suffix_steward_of_the_eclipse": ", Steward of the Eclipse",
  "mod_epicloot_bounties_suffix_svalroot": "Svalroot",
  "mod_epicloot_bounties_suffix_swiftspite": "Swiftspite",
  "mod_epicloot_bounties_suffix_the_abandoned": "the Abandoned",
  "mod_epicloot_bounties_suffix_the_ancient": "the Ancient",
  "mod_epicloot_bounties_suffix_the_betrayer": "the Betrayer",
  "mod_epicloot_bounties_suffix_the_brutal": "the Brutal",
  "mod_epicloot_bounties_suffix_the_brute": "the Brute",
  "mod_epicloot_bounties_suffix_the_butcher": "the Butcher",
  "mod_epicloot_bounties_suffix_the_chatterer": "the Chatterer",
  "mod_epicloot_bounties_suffix_the_cleaver": "the Cleaver",
  "mod_epicloot_bounties_suffix_the_contemptible": "the Contemptible",
  "mod_epicloot_bounties_suffix_the_corpse": "the Corpse",
  "mod_epicloot_bounties_suffix_the_cursed": "the Cursed",
  "mod_epicloot_bounties_suffix_the_damned": "the Damned",
  "mod_epicloot_bounties_suffix_the_depraved": "the Depraved",
  "mod_epicloot_bounties_suffix_the_destroyer": "the Destroyer",
  "mod_epicloot_bounties_suffix_the_doomed": "the Doomed",
  "mod_epicloot_bounties_suffix_the_empty": "the Empty",
  "mod_epicloot_bounties_suffix_the_evil": "the Evil",
  "mod_epicloot_bounties_suffix_the_executioner": "the Executioner",
  "mod_epicloot_bounties_suffix_the_fiend": "the Fiend",
  "mod_epicloot_bounties_suffix_the_fierce": "the Fierce",
  "mod_epicloot_bounties_suffix_the_foul": "the Foul",
  "mod_epicloot_bounties_suffix_the_ghastly": "the Ghastly",
  "mod_epicloot_bounties_suffix_the_gilt": "the Gilt",
  "mod_epicloot_bounties_suffix_the_greedy": "the Greedy",
  "mod_epicloot_bounties_suffix_the_guilty": "the Guilty",
  "mod_epicloot_bounties_suffix_the_handsome": "the Handsome",
  "mod_epicloot_bounties_suffix_the_hellion": "the Hellion",
  "mod_epicloot_bounties_suffix_the_horror": "the Horror",
  "mod_epicloot_bounties_suffix_the_humiliated": "the Humiliated",
  "mod_epicloot_bounties_suffix_the_immortal": "the Immortal",
  "mod_epicloot_bounties_suffix_the_insulted": "the Insulted",
  "mod_epicloot_bounties_suffix_the_knife": "the Knife",
  "mod_epicloot_bounties_suffix_the_maligned": "the Maligned",
  "mod_epicloot_bounties_suffix_the_mangler": "the Mangler",
  "mod_epicloot_bounties_suffix_the_miser": "the Miser",
  "mod_epicloot_bounties_suffix_the_monster": "the Monster",
  "mod_epicloot_bounties_suffix_the_murderer": "the Murderer",
  "mod_epicloot_bounties_suffix_the_needle": "the Needle",
  "mod_epicloot_bounties_suffix_the_noxious": "the Noxious",
  "mod_epicloot_bounties_suffix_the_omen": "the Omen",
  "mod_epicloot_bounties_suffix_the_pierced": "the Pierced",
  "mod_epicloot_bounties_suffix_the_prickly": "the Prickly",
  "mod_epicloot_bounties_suffix_the_quickened": "the Quickened",
  "mod_epicloot_bounties_suffix_the_raider": "the Raider",
  "mod_epicloot_bounties_suffix_the_reckoner": "the Reckoner",
  "mod_epicloot_bounties_suffix_the_revenant": "the Revenant",
  "mod_epicloot_bounties_suffix_the_rude": "the Rude",
  "mod_epicloot_bounties_suffix_the_savage": "the Savage",
  "mod_epicloot_bounties_suffix_the_seer": "the Seer",
  "mod_epicloot_bounties_suffix_the_shield": "the Shield",
  "mod_epicloot_bounties_suffix_the_slaughtered": "the Slaughtered",
  "mod_epicloot_bounties_suffix_the_slayer": "the Slayer",
  "mod_epicloot_bounties_suffix_the_sleeper": "the Sleeper",
  "mod_epicloot_bounties_suffix_the_soldier": "the Soldier",
  "mod_epicloot_bounties_suffix_the_spiteful": "the Spiteful",
  "mod_epicloot_bounties_suffix_the_talisman": "the Talisman",
  "mod_epicloot_bounties_suffix_the_terrible": "the Terrible",
  "mod_epicloot_bounties_suffix_the_vicious": "the Vicious",
  "mod_epicloot_bounties_suffix_the_vile": "the Vile",
  "mod_epicloot_bounties_suffix_the_weapon": "the Weapon",
  "mod_epicloot_bounties_suffix_the_wicked": "the Wicked",
  "mod_epicloot_bounties_suffix_thief_of_ignorance": ", Thief of Ignorance",
  "mod_epicloot_bounties_suffix_thrall": "Thrall",
  "mod_epicloot_bounties_suffix_thunderous_one": ", Thunderous One",
  "mod_epicloot_bounties_suffix_toothgrind": "Toothgrind",
  "mod_epicloot_bounties_suffix_torment": "Torment",
  "mod_epicloot_bounties_suffix_tortured_soul": ", Tortured Soul",
  "mod_epicloot_bounties_suffix_treasure_hunter": ", Treasure Hunter",
  "mod_epicloot_bounties_suffix_twigsnapper": "Twigsnapper",
  "mod_epicloot_bounties_suffix_umbral_stalker": ", Umbral Stalker",
  "mod_epicloot_bounties_suffix_unspeakable_horror": ", Unspeakable Horror",
  "mod_epicloot_bounties_suffix_viletongue": "Viletongue",
  "mod_epicloot_bounties_suffix_warbane": "Warbane",
  "mod_epicloot_bounties_suffix_warfall": "Warfall",
  "mod_epicloot_bounties_suffix_warfighter": "Warfighter",
  "mod_epicloot_bounties_suffix_whispersmith": "Whispersmith",
  "mod_epicloot_bounties_targetnameformat": "$1 $2",
  "mod_epicloot_bounties_targetnameformat_nospace": "$1$2",
  "mod_epicloot_bounties_tooltip": "Travel to the <color=#31eb41>$1</color> and locate $2 the <color=#f03232>$3</color>. $4. Return to me when it is done.",
  "mod_epicloot_bounties_tooltip_available": "Available",
  "mod_epicloot_bounties_tooltip_claimed": "Claimed",
  "mod_epicloot_bounties_tooltip_inprogress": "In Progress",
  "mod_epicloot_bounties_tooltip_rewards": "Rewards:",
  "mod_epicloot_bounties_tooltip_slay": "Slay it",
  "mod_epicloot_bounties_tooltip_slaymultiple": "Slay it and its minions",
  "mod_epicloot_bounties_tooltip_status": "Status:",
  "mod_epicloot_bounties_tooltip_vanquished": "Vanquished!",
  "mod_epicloot_bounties_minimappin": "Bounty: $1",
  "mod_epicloot_gamble_tooltip": "Pay a premium for a chance at a magic item!",
  "mod_epicloot_gamble_tooltip_chance": "Chance for:",
  "mod_epicloot_gamble_tooltip_nonmagic": "Non-magic",
  "mod_epicloot_merchant_abandonbounty": "Abandon Bounty",
  "mod_epicloot_merchant_abandonbountyconfirm": "Abandon Bounty?",
  "mod_epicloot_merchant_abandonbountydesc": "It may not be accepted again",
  "mod_epicloot_merchant_acceptbounty": "Accept Bounty",
  "mod_epicloot_merchant_bounties": "Bounties",
  "mod_epicloot_merchant_bountiesactive": "Active",
  "mod_epicloot_merchant_bountiesavailable": "Available",
  "mod_epicloot_merchant_buy": "Abandon Bounty",
  "mod_epicloot_merchant_cannotafford": "Cannot afford",
  "mod_epicloot_merchant_claimreward": "Claim Reward",
  "mod_epicloot_merchant_days": "d",
  "mod_epicloot_merchant_gamble": "Gamble",
  "mod_epicloot_merchant_hours": "h",
  "mod_epicloot_merchant_minutes": "m",
  "mod_epicloot_merchant_noroomtooltip": "No room in inventory",
  "mod_epicloot_merchant_purchasedtooltip": "Already purchased",
  "mod_epicloot_merchant_refreshday": "Every in-game day",
  "mod_epicloot_merchant_refreshdays": "Every $1 in-game days",
  "mod_epicloot_merchant_rollovertime": "Rollover Time: Midnight",
  "mod_epicloot_merchant_seconds": "s",
  "mod_epicloot_merchant_secretstash": "Secret Stash",
  "mod_epicloot_merchant_treasuremaps": "Treasure Maps",
  "mod_epicloot_merchant_unknown": "???",
  "mod_epicloot_treasurechest_minimappin": "Treasure Chest: $1 #$2",
  "mod_epicloot_treasurechest_name": "Treasure Chest: $1 #$2",
  "mod_epicloot_treasuremap_locatingmsg": "Preparing Treasure Map...",
  "mod_epicloot_treasuremap_name": "Treasure Map: $1 #$2",
  "mod_epicloot_treasuremap_tooltip": "This folded piece of ragged parchment has a big red X marked on it, somewhere in the $1...",

  "mod_epicloot_me_explaintitle": "Magic Effect Descriptions",
  "mod_epicloot_me_dvergercirclet_display": "Perpetual Lightsource",
  "mod_epicloot_me_megingjord_display": "Carry Weight +150",
  "mod_epicloot_me_wishbone_display": "Secret Finding",
  "mod_epicloot_me_andvaranaut_display": "Haldor's Treasure Finder",
  "mod_epicloot_me_modifydamage_display": "All Damage +{0:0.#}%",
  "mod_epicloot_me_modifyphysicaldamage_display": "Physical Damage +{0:0.#}%",
  "mod_epicloot_me_modifyphysicaldamage_desc": "Increase the physical damage (blunt, slash, pierce, chop, pickaxe) done by the magic weapon by +<b><color=yellow>X</color></b>%.",
  "mod_epicloot_me_modifyphysicaldamage_prefix1": "Strong",
  "mod_epicloot_me_modifyphysicaldamage_prefix2": "Powerful",
  "mod_epicloot_me_modifyphysicaldamage_prefix3": "Mighty",
  "mod_epicloot_me_modifyphysicaldamage_prefix4": "Heavy",
  "mod_epicloot_me_modifyphysicaldamage_prefix5": "Forceful",
  "mod_epicloot_me_modifyphysicaldamage_prefix6": "Wicked",
  "mod_epicloot_me_modifyphysicaldamage_prefix7": "Fighter's",
  "mod_epicloot_me_modifyphysicaldamage_prefix8": "Warrior",
  "mod_epicloot_me_modifyphysicaldamage_suffix1": "Strength",
  "mod_epicloot_me_modifyphysicaldamage_suffix2": "Power",
  "mod_epicloot_me_modifyphysicaldamage_suffix3": "Might",
  "mod_epicloot_me_modifyphysicaldamage_suffix4": "Force",
  "mod_epicloot_me_modifyphysicaldamage_suffix5": "the Warrior",
  "mod_epicloot_me_modifyelementaldamage_display": "Elemental Damage +{0:0.#}%",
  "mod_epicloot_me_modifyelementaldamage_desc": "Increase the elemental damage (fire, frost, lightning, poison, spirit) done by the magic weapon by +<b><color=yellow>X</color></b>%.",
  "mod_epicloot_me_modifyelementaldamage_prefix1": "Energized",
  "mod_epicloot_me_modifyelementaldamage_prefix2": "Empowered",
  "mod_epicloot_me_modifyelementaldamage_prefix3": "Charged",
  "mod_epicloot_me_modifyelementaldamage_prefix4": "Intensified",
  "mod_epicloot_me_modifyelementaldamage_suffix1": "Energy",
  "mod_epicloot_me_modifyelementaldamage_suffix2": "Intensity",
  "mod_epicloot_me_modifyelementaldamage_suffix3": "Brilliance",
  "mod_epicloot_me_modifydurability_display": "Durability +{0:0.#}%",
  "mod_epicloot_me_modifydurability_desc": "Increase the maximum durability of the magic item by +<b><color=yellow>X</color></b>%.",
  "mod_epicloot_me_modifydurability_prefix1": "Sturdy",
  "mod_epicloot_me_modifydurability_prefix2": "Stout",
  "mod_epicloot_me_modifydurability_prefix3": "Robust",
  "mod_epicloot_me_modifydurability_suffix1": "Sturdiness",
  "mod_epicloot_me_modifydurability_suffix2": "Robustness",
  "mod_epicloot_me_modifydurability_suffix3": "Stability",
  "mod_epicloot_me_modifydurability_suffix4": "the Ox",
  "mod_epicloot_me_reduceweight_display": "Weight -{0:0.#}% ",
  "mod_epicloot_me_reduceweight_desc": "Reduce the weight of the magic item by -<b><color=yellow>X</color></b>%.",
  "mod_epicloot_me_reduceweight_prefix1": "Light",
  "mod_epicloot_me_reduceweight_prefix2": "Slender",
  "mod_epicloot_me_reduceweight_suffix1": "the Feather",
  "mod_epicloot_me_removespeedpenalty_display": "No Movement Speed Penalty",
  "mod_epicloot_me_removespeedpenalty_desc": "Wearing or wielding this magic item does not penalize the player's movement speed.",
  "mod_epicloot_me_removespeedpenalty_prefix1": "Agile",
  "mod_epicloot_me_removespeedpenalty_prefix2": "Easy",
  "mod_epicloot_me_removespeedpenalty_prefix3": "Graceful",
  "mod_epicloot_me_removespeedpenalty_suffix1": "Agility",
  "mod_epicloot_me_removespeedpenalty_suffix2": "Grace",
  "mod_epicloot_me_modifyblockpower_display": "Block +{0:0.#}%",
  "mod_epicloot_me_modifyblockpower_desc": "Increase the block power of the magic item by +<b><color=yellow>X</color></b>%.",
  "mod_epicloot_me_modifyblockpower_prefix1": "Stopping",
  "mod_epicloot_me_modifyblockpower_prefix2": "Defender's",
  "mod_epicloot_me_modifyblockpower_suffix1": "Stopping",
  "mod_epicloot_me_modifyblockpower_suffix2": "the Defender",
  "mod_epicloot_me_modifyparry_display": "Parry +{0:0.#}%",
  "mod_epicloot_me_modifyparry_desc": "Increase the parry block power, parry force, and parry bonus of the magic by +<b><color=yellow>X</color></b>%.",
  "mod_epicloot_me_modifyparry_prefix1": "Elusive",
  "mod_epicloot_me_modifyparry_prefix2": "Rebuking",
  "mod_epicloot_me_modifyparry_suffix1": "Repelling",
  "mod_epicloot_me_modifyarmor_display": "Armor +{0:0.#}%",
  "mod_epicloot_me_modifyarmor_desc": "Increase the armor value of the magic equipment by +<b><color=yellow>X</color></b>%.",
  "mod_epicloot_me_modifyarmor_prefix1": "Heavy",
  "mod_epicloot_me_modifyarmor_prefix2": "Protected",
  "mod_epicloot_me_modifyarmor_suffix1": "Protection",
  "mod_epicloot_me_modifybackstab_display": "Backstab +{0:0.#}%",
  "mod_epicloot_me_modifybackstab_desc": "Increase the backstab multiplier of the magic weapon by +<b><color=yellow>X</color></b>%.",
  "mod_epicloot_me_modifybackstab_prefix1": "Assassin's",
  "mod_epicloot_me_modifybackstab_prefix2": "Stealthy",
  "mod_epicloot_me_modifybackstab_suffix1": "the Assassin",
  "mod_epicloot_me_modifybackstab_suffix2": "Stealth",
  "mod_epicloot_me_increasehealth_display": "Health +{0:0}",
  "mod_epicloot_me_increasehealth_desc": "Increase the player's base maximum health by +<b><color=yellow>X</color></b>.",
  "mod_epicloot_me_increasehealth_prefix1": "Healthy",
  "mod_epicloot_me_increasehealth_suffix1": "Health",
  "mod_epicloot_me_increasestamina_display": "Stamina +{0:0}",
  "mod_epicloot_me_increasestamina_desc": "Increase the player's base maximum stamina by +<b><color=yellow>X</color></b>.",
  "mod_epicloot_me_increasestamina_prefix1": "Enduring",
  "mod_epicloot_me_increasestamina_suffix1": "Endurance",
  "mod_epicloot_me_modifyhealthregen_display": "Health Regen +{0:0.#}%",
  "mod_epicloot_me_modifyhealthregen_desc": "Increase the player's health regeneration by +<b><color=yellow>X</color></b>%.",
  "mod_epicloot_me_modifyhealthregen_prefix1": "Vigorous",
  "mod_epicloot_me_modifyhealthregen_suffix1": "Vigor",
  "mod_epicloot_me_addhealthregen_display": "Health Regen +{0:0.#}/tick",
  "mod_epicloot_me_addhealthregen_desc": "Increase the player's base health regeneration by +<b><color=yellow>X</color></b> health per tick.",
  "mod_epicloot_me_addhealthregen_prefix1": "Rejuvenating",
  "mod_epicloot_me_addhealthregen_suffix1": "Rejuvenation",
  "mod_epicloot_me_modifystaminaregen_display": "Stamina Regen +{0:0.#}%",
  "mod_epicloot_me_modifystaminaregen_desc": "Increase the player's stamina regeneration by +<b><color=yellow>X</color></b>%.",
  "mod_epicloot_me_modifystaminaregen_prefix1": "Recovering",
  "mod_epicloot_me_modifystaminaregen_suffix1": "Recovery",
  "mod_epicloot_me_addbluntdamage_display": "Blunt Damage +{0:0.#}",
  "mod_epicloot_me_addbluntdamage_desc": "Add +<b><color=yellow>X</color></b> blunt damage to attacks made by the magic weapon.",
  "mod_epicloot_me_addbluntdamage_prefix1": "Brute",
  "mod_epicloot_me_addbluntdamage_suffix1": "Bludgeoning",
  "mod_epicloot_me_addslashingdamage_display": "Slash Damage +{0:0.#}",
  "mod_epicloot_me_addslashingdamage_desc": "Add +<b><color=yellow>X</color></b> slash damage to attacks made by the magic weapon. If the weapon is an axe, add the same amount of chop damage.",
  "mod_epicloot_me_addslashingdamage_prefix1": "Sharp",
  "mod_epicloot_me_addslashingdamage_prefix2": "Keen",
  "mod_epicloot_me_addslashingdamage_suffix1": "Slashing",
  "mod_epicloot_me_addslashingdamage_suffix2": "Cutting",
  "mod_epicloot_me_addpiercingdamage_display": "Pierce Damage +{0:0.#}",
  "mod_epicloot_me_addpiercingdamage_desc": "Add +<b><color=yellow>X</color></b> pierce damage to attacks made by the magic weapon. If the item is a pickaxe, add the same amount of pickaxe damage.",
  "mod_epicloot_me_addpiercingdamage_prefix1": "Spiked",
  "mod_epicloot_me_addpiercingdamage_prefix2": "Barbed",
  "mod_epicloot_me_addpiercingdamage_suffix1": "Piercing",
  "mod_epicloot_me_addfiredamage_display": "Fire Damage +{0:0.#}",
  "mod_epicloot_me_addfiredamage_desc": "Add +<b><color=yellow>X</color></b> fire damage to attacks made by the magic weapon.",
  "mod_epicloot_me_addfiredamage_prefix1": "Blazing",
  "mod_epicloot_me_addfiredamage_suffix1": "Fire",
  "mod_epicloot_me_addfrostdamage_display": "Frost Damage +{0:0.#}",
  "mod_epicloot_me_addfrostdamage_desc": "Add +<b><color=yellow>X</color></b> frost damage to attacks made by the magic weapon.",
  "mod_epicloot_me_addfrostdamage_prefix1": "Frigid",
  "mod_epicloot_me_addfrostdamage_suffix1": "Frost",
  "mod_epicloot_me_addlightningdamage_display": "Lightning Damage +{0:0.#}",
  "mod_epicloot_me_addlightningdamage_desc": "Add +<b><color=yellow>X</color></b> lightning damage to attacks made by the magic weapon.",
  "mod_epicloot_me_addlightningdamage_prefix1": "Shocking",
  "mod_epicloot_me_addlightningdamage_suffix1": "Lightning",
  "mod_epicloot_me_addpoisondamage_display": "Poison Damage +{0:0.#}",
  "mod_epicloot_me_addpoisondamage_desc": "Add +<b><color=yellow>X</color></b> poison damage to attacks made by the magic weapon",
  "mod_epicloot_me_addpoisondamage_prefix1": "Infected",
  "mod_epicloot_me_addpoisondamage_suffix1": "Poison",
  "mod_epicloot_me_addspiritdamage_display": "Spirit Damage +{0:0.#}",
  "mod_epicloot_me_addspiritdamage_desc": "Add +<b><color=yellow>X</color></b> spirit damage to attacks made by the magic weapon.",
  "mod_epicloot_me_addspiritdamage_prefix1": "Spirit",
  "mod_epicloot_me_addspiritdamage_suffix1": "the Spirits",
  "mod_epicloot_me_addfireresistance_display": "Gain fire resistance",
  "mod_epicloot_me_addfireresistance_prefix1": "Extinguishing",
  "mod_epicloot_me_addfireresistance_suffix1": "Fire Resistance",
  "mod_epicloot_me_addfrostresistance_display": "Gain frost resistance",
  "mod_epicloot_me_addfrostresistance_prefix1": "Insulated",
  "mod_epicloot_me_addfrostresistance_suffix1": "Frost Resistance",
  "mod_epicloot_me_addlightningresistance_display": "Gain lightning resistance",
  "mod_epicloot_me_addlightningresistance_prefix1": "Grounded",
  "mod_epicloot_me_addlightningresistance_suffix1": "Lightning Resistance",
  "mod_epicloot_me_addpoisonresistance_display": "Gain poison resistance",
  "mod_epicloot_me_addpoisonresistance_prefix1": "Curing",
  "mod_epicloot_me_addpoisonresistance_suffix1": "Poison Resistance",
  "mod_epicloot_me_addspiritresistance_display": "Gain spirit resistance",
  "mod_epicloot_me_addspiritresistance_prefix1": "Serene",
  "mod_epicloot_me_addspiritresistance_suffix1": "Spirit Resistance",
  "mod_epicloot_me_addfireresistancepercentage_display": "Fire Damage Reduction +{0:0.#}%",
  "mod_epicloot_me_addfireresistancepercentage_desc": "The player reduces all fire damage taken by +<b><color=yellow>X</color></b>%. This effect stacks cumulatively with other damage reduction effects equipped by the player.",
  "mod_epicloot_me_addfireresistancepercentage_prefix1": "Extinguishing",
  "mod_epicloot_me_addfireresistancepercentage_suffix1": "Fire Resistance",
  "mod_epicloot_me_addfrostresistancepercentage_display": "Frost Damage Reduction +{0:0.#}%",
  "mod_epicloot_me_addfrostresistancepercentage_desc": "The player reduces all frost damage taken by +<b><color=yellow>X</color></b>%. This effect does not provide protection from environmental effects. This effect stacks cumulatively with other damage reduction effects equipped by the player.",
  "mod_epicloot_me_addfrostresistancepercentage_prefix1": "Insulated",
  "mod_epicloot_me_addfrostresistancepercentage_suffix1": "Frost Resistance",
  "mod_epicloot_me_addlightningresistancepercentage_display": "Lightning Damage Reduction +{0:0.#}%",
  "mod_epicloot_me_addlightningresistancepercentage_desc": "The player reduces all lightning damage taken by +<b><color=yellow>X</color></b>%. This effect stacks cumulatively with other damage reduction effects equipped by the player.",
  "mod_epicloot_me_addlightningresistancepercentage_prefix1": "Grounded",
  "mod_epicloot_me_addlightningresistancepercentage_suffix1": "Lightning Resistance",
  "mod_epicloot_me_addpoisonresistancepercentage_display": "Poison Damage Reduction +{0:0.#}%",
  "mod_epicloot_me_addpoisonresistancepercentage_desc": "The player reduces all poison damage taken by +<b><color=yellow>X</color></b>%. This effect stacks cumulatively with other damage reduction effects equipped by the player.",
  "mod_epicloot_me_addpoisonresistancepercentage_prefix1": "Curing",
  "mod_epicloot_me_addpoisonresistancepercentage_suffix1": "Poison Resistance",
  "mod_epicloot_me_addspiritresistancepercentage_display": "Spirit Damage Reduction +{0:0.#}%",
  "mod_epicloot_me_addspiritresistancepercentage_desc": "The player reduces all spirit damage taken by +<b><color=yellow>X</color></b>%. This effect stacks cumulatively with other damage reduction effects equipped by the player.",
  "mod_epicloot_me_addspiritresistancepercentage_prefix1": "Serene",
  "mod_epicloot_me_addspiritresistancepercentage_suffix1": "Spirit Resistance",
  "mod_epicloot_me_addelementalresistancepercentage_display": "Elemental Damage Reduction +{0:0.#}%",
  "mod_epicloot_me_addelementalresistancepercentage_desc": "The player reduces all elemental damage (fire, frost, lightning, poison) taken by +<b><color=yellow>X</color></b>%. This effect stacks cumulatively with other damage reduction effects equipped by the player.",
  "mod_epicloot_me_addelementalresistancepercentage_prefix1": "Warding",
  "mod_epicloot_me_addelementalresistancepercentage_suffix1": "Elemental Resistance",
  "mod_epicloot_me_addbluntresistancepercentage_display": "Blunt Damage Reduction +{0:0.#}%",
  "mod_epicloot_me_addbluntresistancepercentage_desc": "The player reduces all blunt damage taken by +<b><color=yellow>X</color></b>%. This effect stacks cumulatively with other damage reduction effects equipped by the player.",
  "mod_epicloot_me_addbluntresistancepercentage_prefix1": "Defensive",
  "mod_epicloot_me_addbluntresistancepercentage_suffix1": "Blunt Resistance",
  "mod_epicloot_me_addslashingresistancepercentage_display": "Slash Damage Reduction +{0:0.#}%",
  "mod_epicloot_me_addslashingresistancepercentage_desc": "The player reduces all slash damage taken by +<b><color=yellow>X</color></b>%. This effect stacks cumulatively with other damage reduction effects equipped by the player.",
  "mod_epicloot_me_addslashingresistancepercentage_prefix1": "Impervious",
  "mod_epicloot_me_addslashingresistancepercentage_suffix1": "Slashing Resistance",
  "mod_epicloot_me_addpiercingresistancepercentage_display": "Pierce Damage Reduction +{0:0.#}%",
  "mod_epicloot_me_addpiercingresistancepercentage_desc": "The player reduces all pierce damage taken by +<b><color=yellow>X</color></b>%. This effect stacks cumulatively with other damage reduction effects equipped by the player.",
  "mod_epicloot_me_addpiercingresistancepercentage_prefix1": "Impenetrable",
  "mod_epicloot_me_addpiercingresistancepercentage_suffix1": "Piercing Resistance",
  "mod_epicloot_me_addchoppingresistancepercentage_display": "+{0:0.#}% chopping Damage Reduction",
  "mod_epicloot_me_addchoppingresistancepercentage_desc": "The player reduces all chopping damage taken by +<b><color=yellow>X</color></b>%. This effect stacks cumulatively with other damage reduction effects equipped by the player.",
  "mod_epicloot_me_addchoppingresistancepercentage_prefix1": "",
  "mod_epicloot_me_addchoppingresistancepercentage_suffix1": "",
  "mod_epicloot_me_addphysicalresistancepercentage_display": "Physical Damage Reduction +{0:0.#}% ",
  "mod_epicloot_me_addphysicalresistancepercentage_desc": "The player reduces all physical damage (blunt, slash, pierce) taken by +<b><color=yellow>X</color></b>%. This effect stacks cumulatively with other damage reduction effects equipped by the player.",
  "mod_epicloot_me_addphysicalresistancepercentage_prefix1": "Resistant",
  "mod_epicloot_me_addphysicalresistancepercentage_suffix1": "Physical Resistance",
  "mod_epicloot_me_modifymovementspeed_display": "Move Speed +{0:0.#}%",
  "mod_epicloot_me_modifymovementspeed_desc": "Increase the player's movement speed by +<b><color=yellow>X</color></b>%.",
  "mod_epicloot_me_modifymovementspeed_prefix1": "Quick",
  "mod_epicloot_me_modifymovementspeed_suffix1": "Speed",
  "mod_epicloot_me_modifysprintstaminause_display": "Sprint Stamina Use -{0:0.#}%",
  "mod_epicloot_me_modifysprintstaminause_desc": "Reduce the player's sprint stamina usage by -<b><color=yellow>X</color></b>%.",
  "mod_epicloot_me_modifysprintstaminause_prefix1": "Sprinter's",
  "mod_epicloot_me_modifysprintstaminause_suffix1": "Sprinting",
  "mod_epicloot_me_modifyjumpstaminause_display": "Jump Stamina Use -{0:0.#}%",
  "mod_epicloot_me_modifyjumpstaminause_desc": "Reduce the player's jump stamina usage by -<b><color=yellow>X</color></b>%.",
  "mod_epicloot_me_modifyjumpstaminause_prefix1": "Acrobat's",
  "mod_epicloot_me_modifyjumpstaminause_suffix1": "the Acrobat",
  "mod_epicloot_me_modifyattackstaminause_display": "Attack Stamina Use -{0:0.#}%",
  "mod_epicloot_me_modifyattackstaminause_prefix1": "Gladiator's",
  "mod_epicloot_me_modifyattackstaminause_suffix1": "the Gladiator",
  "mod_epicloot_me_modifyattackstaminause_desc": "Reduce the player's attack stamina usage by -<b><color=yellow>X</color></b>%.",
  "mod_epicloot_me_modifyblockstaminause_display": "Block Stamina Use -{0:0.#}%",
  "mod_epicloot_me_modifyblockstaminause_prefix1": "Guardian's",
  "mod_epicloot_me_modifyblockstaminause_suffix1": "the Guardian",
  "mod_epicloot_me_modifyblockstaminause_desc": "Reduce the player's block stamina usage by -<b><color=yellow>X</color></b>%.",
  "mod_epicloot_me_indestructible_display": "Indestructible",
  "mod_epicloot_me_indestructible_desc": "The magic item does not use durability and will never break.",
  "mod_epicloot_me_indestructible_prefix1": "Indestructible",
  "mod_epicloot_me_indestructible_suffix1": "Indestructibility",
  "mod_epicloot_me_weightless_display": "Weightless",
  "mod_epicloot_me_weightless_desc": "The magic item has a weight of 0.",
  "mod_epicloot_me_weightless_prefix1": "Weightless",
  "mod_epicloot_me_weightless_suffix1": "Weightlessness",
  "mod_epicloot_me_addcarryweight_display": "Carry Weight +{0}",
  "mod_epicloot_me_addcarryweight_desc": "Increase the player's maximum carry weight capacity by +<b><color=yellow>X</color></b>.",
  "mod_epicloot_me_addcarryweight_prefix1": "Pocketed",
  "mod_epicloot_me_addcarryweight_suffix1": "Pockets",
  "mod_epicloot_me_lifesteal_display": "Lifesteal +{0:0.#}%",
  "mod_epicloot_me_lifesteal_desc": "The player heals for <b><color=yellow>X</color></b>% of total damage done with each attack.",
  "mod_epicloot_me_lifesteal_prefix1": "Valravn's",
  "mod_epicloot_me_lifesteal_suffix1": "Valravn",
  "mod_epicloot_me_modifyattackspeed_display": "Attack Speed +{0:0.#}%",
  "mod_epicloot_me_modifyattackspeed_desc": "Attacks made with the magic weapon are +<b><color=yellow>X</color></b>% faster.",
  "mod_epicloot_me_modifyattackspeed_prefix1": "Striker's",
  "mod_epicloot_me_modifyattackspeed_suffix1": "Striking",
  "mod_epicloot_me_throwable_display": "Throwable",
  "mod_epicloot_me_throwable_desc": "The player may use the secondary attack to throw the magic weapon.",
  "mod_epicloot_me_throwable_prefix1": "Throwing",
  "mod_epicloot_me_throwable_suffix1": "Throwing",
  "mod_epicloot_me_waterproof_display": "Waterproof",
  "mod_epicloot_me_waterproof_desc": "While wearing the magical equipment, the player will not get wet in the rain. Immersion in water will still make the player wet.",
  "mod_epicloot_me_waterproof_prefix1": "Waterproof",
  "mod_epicloot_me_waterproof_suffix1": "Water-repelling",
  "mod_epicloot_me_paralyze_display": "Paralyze for {0:0.#} seconds",
  "mod_epicloot_me_paralyze_desc": "Enemies hit with attacks made by the magic weapon will be paralyzed, unable to move or attack, for <b><color=yellow>X</color></b> seconds.",
  "mod_epicloot_me_paralyze_prefix1": "Paralyzing",
  "mod_epicloot_me_paralyze_suffix1": "Paralysis",
  "mod_epicloot_me_doublejump_display": "Air Jump",
  "mod_epicloot_me_doublejump_desc": "While in the air, the player may jump an additional time.",
  "mod_epicloot_me_doublejump_prefix1": "Tyr's",
  "mod_epicloot_me_doublejump_suffix1": "of the Wind",
  "mod_epicloot_me_waterwalk_display": "Water Walking",
  "mod_epicloot_me_waterwalk_desc": "While equipped with the magic equipment, the player may walk on the surface of any body of water. The player may equip the item while swimming.",
  "mod_epicloot_me_waterwalk_prefix1": "Njord's",
  "mod_epicloot_me_waterwalk_prefix2": "Water Walking",
  "mod_epicloot_me_waterwalk_suffix1": "of Water Walking",
  "mod_epicloot_me_waterwalk_suffix2": "of Njord's Smooth Sea",
  "mod_epicloot_me_explosivearrows_display": "Explosive Shot +{0:0.#}%",
  "mod_epicloot_me_explosivearrows_desc": "Ranged attacks made by the magic weapon deal +<b><color=yellow>X</color></b>% attack damage in an area of effect around the projectile impact.",
  "mod_epicloot_me_explosivearrows_prefix1": "Exploding",
  "mod_epicloot_me_explosivearrows_suffix1": "Explosive",
  "mod_epicloot_me_quickdraw_display": "Quick Draw +{0:0.#}%",
  "mod_epicloot_me_quickdraw_desc": "Increases the draw speed of the magic bow by +<b><color=yellow>X</color></b>%.",
  "mod_epicloot_me_quickdraw_prefix1": "Quick-draw",
  "mod_epicloot_me_quickdraw_suffix1": "Quickness",
  "mod_epicloot_me_addswordsskill_display": "Swords Skill +{0}",
  "mod_epicloot_me_addswordsskill_desc": "Increases the player's swords skill level by +<b><color=yellow>X</color></b>. This may cause the skill level to increase above 100.",
  "mod_epicloot_me_addswordsskill_prefix1": "Blademaster's",
  "mod_epicloot_me_addswordsskill_suffix1": "the Blademaster",
  "mod_epicloot_me_addknivesskill_display": "Knives Skill +{0}",
  "mod_epicloot_me_addknivesskill_desc": "Increases the player's knives skill level by +<b><color=yellow>X</color></b>. This may cause the skill level to increase above 100.",
  "mod_epicloot_me_addknivesskill_prefix1": "Scoundrel's",
  "mod_epicloot_me_addknivesskill_suffix1": "the Scoundrel",
  "mod_epicloot_me_addclubsskill_display": "Clubs Skill +{0}",
  "mod_epicloot_me_addclubsskill_desc": "Increases the player's clubs skill level by +<b><color=yellow>X</color></b>. This may cause the skill level to increase above 100.",
  "mod_epicloot_me_addclubsskill_prefix1": "Bruiser's",
  "mod_epicloot_me_addclubsskill_suffix1": "the Bruiser",
  "mod_epicloot_me_addpolearmsskill_display": "Polearms Skill +{0}",
  "mod_epicloot_me_addpolearmsskill_desc": "Increases the player's polearms skill level by +<b><color=yellow>X</color></b>. This may cause the skill level to increase above 100.",
  "mod_epicloot_me_addpolearmsskill_prefix1": "Halberdier's",
  "mod_epicloot_me_addpolearmsskill_suffix1": "the Halberdier",
  "mod_epicloot_me_addspearsskill_display": "Spears Skill +{0}",
  "mod_epicloot_me_addspearsskill_desc": "Increases the player's spears skill level by +<b><color=yellow>X</color></b>. This may cause the skill level to increase above 100.",
  "mod_epicloot_me_addspearsskill_prefix1": "Hunter's",
  "mod_epicloot_me_addspearsskill_suffix1": "the Hunter",
  "mod_epicloot_me_addblockingskill_display": "Blocking Skill +{0}",
  "mod_epicloot_me_addblockingskill_desc": "Increases the player's blocking skill level by +<b><color=yellow>X</color></b>. This may cause the skill level to increase above 100.",
  "mod_epicloot_me_addblockingskill_prefix1": "Shieldmaiden's",
  "mod_epicloot_me_addblockingskill_suffix1": "the Shieldmaiden",
  "mod_epicloot_me_addaxesskill_display": "Axes Skill +{0}",
  "mod_epicloot_me_addaxesskill_desc": "Increases the player's axes and woodcutting skill levels by +<b><color=yellow>X</color></b>. This may cause the skills' level to increase above 100.",
  "mod_epicloot_me_addaxesskill_prefix1": "Viking's",
  "mod_epicloot_me_addaxesskill_suffix1": "the Viking",
  "mod_epicloot_me_addbowsskill_display": "Bows Skill +{0}",
  "mod_epicloot_me_addbowsskill_desc": "Increases the player's bows skill level by +<b><color=yellow>X</color></b>. This may cause the skill level to increase above 100.",
  "mod_epicloot_me_addbowsskill_prefix1": "Archer's",
  "mod_epicloot_me_addbowsskill_suffix1": "Archery",
  "mod_epicloot_me_addunarmedskill_display": "Unarmed Skill +{0}",
  "mod_epicloot_me_addunarmedskill_desc": "Increases the player's unarmed skill level by +<b><color=yellow>X</color></b>. This may cause the skill level to increase above 100.",
  "mod_epicloot_me_addunarmedskill_prefix1": "Brawler's",
  "mod_epicloot_me_addunarmedskill_suffix1": "Brawling",
  "mod_epicloot_me_addpickaxesskill_display": "Pickaxes Skill +{0}",
  "mod_epicloot_me_addpickaxesskill_desc": "Increases the player's pickaxes skill level by +<b><color=yellow>X</color></b>. This may cause the skill level to increase above 100.",
  "mod_epicloot_me_addpickaxesskill_prefix1": "Mining",
  "mod_epicloot_me_addpickaxesskill_suffix1": "the Miner",
  "mod_epicloot_me_addmovementskills_display": "Movement Skills +{0}",
  "mod_epicloot_me_addmovementskills_desc": "Increases the player's run, jump, swim, and sneak skill levels by +<b><color=yellow>X</color></b>. This may cause the skills' level to increase above 100.",
  "mod_epicloot_me_addmovementskills_prefix1": "Adventuring",
  "mod_epicloot_me_addmovementskills_suffix1": "the Adventurer",
  "mod_epicloot_me_modifystaggerduration_display": "Stagger Duration +{0:0.#}%",
  "mod_epicloot_me_modifystaggerduration_desc": "Increase the stagger duration by +<b><color=yellow>X</color></b>% against enemies when staggered by attacks from the magic weapon.",
  "mod_epicloot_me_modifystaggerduration_prefix1": "Basher's",
  "mod_epicloot_me_modifystaggerduration_suffix1": "Staggering",
  "mod_epicloot_me_quicklearner_display": "Quick Learner +{0:0.#}%",
  "mod_epicloot_me_quicklearner_desc": "All skills improve +<b><color=yellow>X</color></b>% faster.",
  "mod_epicloot_me_quicklearner_prefix1": "Student's",
  "mod_epicloot_me_quicklearner_suffix1": "the Student",
  "mod_epicloot_me_recallweapon_display": "Recalling",
  "mod_epicloot_me_recallweapon_desc": "The thrown magic weapon automatically returns to the player after being thrown.",
  "mod_epicloot_me_recallweapon_prefix1": "Recaller's",
  "mod_epicloot_me_recallweapon_suffix1": "Recalling",
  "mod_epicloot_me_reflectdamage_display": "Thorns +{0:0.#}%",
  "mod_epicloot_me_reflectdamage_desc": "Reflect +<b><color=yellow>X</color></b>% of damage back to attacker",
  "mod_epicloot_me_reflectdamage_prefix1": "Reflector's",
  "mod_epicloot_me_reflectdamage_suffix1": "Reflecting",
  "mod_epicloot_me_avoiddamagetaken_display": "Feint +{0:0.#}%",
  "mod_epicloot_me_avoiddamagetaken_desc": "The player has a +<b><color=yellow>X</color></b>% chance to automatically avoid all damage from an attack.",
  "mod_epicloot_me_avoiddamagetaken_prefix1": "Artful Dodger's",
  "mod_epicloot_me_avoiddamagetaken_suffix1": "the Artful Dodger",
  "mod_epicloot_me_staggerondamagetaken_display": "Stagger Chance +{0:0.#}%",
  "mod_epicloot_me_staggerondamagetaken_desc": "Increase the chance to stagger the enemy by +<b><color=yellow>X</color></b>% for attacks made with the magic weapon.",
  "mod_epicloot_me_staggerondamagetaken_prefix1": "Avenger's",
  "mod_epicloot_me_staggerondamagetaken_suffix1": "Vengeance",
  "mod_epicloot_me_featherfall_display": "Feather Fall",
  "mod_epicloot_me_featherfall_desc": "The player falls slowly and is immune to fall damage.",
  "mod_epicloot_me_featherfall_prefix1": "Feathery",
  "mod_epicloot_me_featherfall_suffix1": "the Feather",
  "mod_epicloot_me_modifydiscoveryradius_display": "Discovery Radius +{0:0.#}%",
  "mod_epicloot_me_modifydiscoveryradius_desc": "The player's map discovery radius is increased by +<b><color=yellow>X</color></b>%.",
  "mod_epicloot_me_modifydiscoveryradius_prefix1": "Explorer's",
  "mod_epicloot_me_modifydiscoveryradius_suffix1": "the Explorer",
  "mod_epicloot_me_freebuild_display": "Free Build",
  "mod_epicloot_me_freebuild_desc": "When using the magic hammer, buildings can be built without the required crafting station nearby.",
  "mod_epicloot_me_freebuild_prefix1": "Builder's",
  "mod_epicloot_me_freebuild_suffix1": "the Builder",
  "mod_epicloot_me_comfortable_display": "Comfort +{0}",
  "mod_epicloot_me_comfortable_desc": "When resting and wearing the magic equipment, the player's comfort level is increased by +<b><color=yellow>X</color></b>.",
  "mod_epicloot_me_comfortable_prefix1": "Comfortable",
  "mod_epicloot_me_comfortable_suffix1": "Comfort",
  "mod_epicloot_me_modifymovementspeedlowhealth_display": "Move Speed +{0:0.#}% (Health Critical)",
  "mod_epicloot_me_modifymovementspeedlowhealth_desc": "The player's movement speed is increased by +<b><color=yellow>X</color></b>% when below 30% health.",
  "mod_epicloot_me_modifymovementspeedlowhealth_prefix1": "Quick",
  "mod_epicloot_me_modifymovementspeedlowhealth_suffix1": "Speed",
  "mod_epicloot_me_modifyhealthregenlowhealth_display": "Health Regen +{0:0.#}% (Health Critical)",
  "mod_epicloot_me_modifyhealthregenlowhealth_desc": "The player's health regene is increased by +<b><color=yellow>X</color></b>% when below 30% health.",
  "mod_epicloot_me_modifyhealthregenlowhealth_prefix1": "Vigorous",
  "mod_epicloot_me_modifyhealthregenlowhealth_suffix1": "Vigor",
  "mod_epicloot_me_modifystaminaregenlowhealth_display": "Stamina Regen +{0:0.#}% (Health Critical)",
  "mod_epicloot_me_modifystaminaregenlowhealth_desc": "The player's stamina regen is increased by +<b><color=yellow>X</color></b>% when below 30% health.",
  "mod_epicloot_me_modifystaminaregenlowhealth_prefix1": "Recovering",
  "mod_epicloot_me_modifystaminaregenlowhealth_suffix1": "Recovery",
  "mod_epicloot_me_modifyarmorlowhealth_display": "All Armor +{0:0.#}% (Health Critical)",
  "mod_epicloot_me_modifyarmorlowhealth_desc": "The player's total armor is increased by +<b><color=yellow>X</color></b>% when below 30% health.",
  "mod_epicloot_me_modifyarmorlowhealth_prefix1": "Heavy",
  "mod_epicloot_me_modifyarmorlowhealth_prefix2": "Protected",
  "mod_epicloot_me_modifyarmorlowhealth_suffix1": "Protection",
  "mod_epicloot_me_modifydamagelowhealth_display": "Damage +{0:0.#}% (Health Critical)",
  "mod_epicloot_me_modifydamagelowhealth_desc": "The player's total damage is increased by +<b><color=yellow>X</color></b>% when below 30% health.",
  "mod_epicloot_me_modifydamagelowhealth_prefix1": "Berserker's",
  "mod_epicloot_me_modifydamagelowhealth_suffix1": "the Berserker",
  "mod_epicloot_me_modifyblockpowerlowhealth_display": "Block +{0:0.#}% (Health Critical)",
  "mod_epicloot_me_modifyblockpowerlowhealth_desc": "The player's block power is increased by +<b><color=yellow>X</color></b>% when below 30% health.",
  "mod_epicloot_me_modifyblockpowerlowhealth_prefix1": "Stopping",
  "mod_epicloot_me_modifyblockpowerlowhealth_prefix2": "Defender's",
  "mod_epicloot_me_modifyblockpowerlowhealth_suffix1": "Stopping",
  "mod_epicloot_me_modifyblockpowerlowhealth_suffix2": "the Defender",
  "mod_epicloot_me_modifyparrylowhealth_display": "Parry +{0:0.#}% (Health Critical)",
  "mod_epicloot_me_modifyparrylowhealth_desc": "The player's parry block power, parry force, and parry bonus are increased by +<b><color=yellow>X</color></b>% when below 30% health.",
  "mod_epicloot_me_modifyparrylowhealth_prefix1": "Elusive",
  "mod_epicloot_me_modifyparrylowhealth_prefix2": "Rebuking",
  "mod_epicloot_me_modifyparrylowhealth_suffix1": "Repelling",
  "mod_epicloot_me_modifyattackspeedlowhealth_display": "Attack Speed +{0:0.#}% (Health Critical)",
  "mod_epicloot_me_modifyattackspeedlowhealth_desc": "The player's attack speed is increased by +<b><color=yellow>X</color></b>% when below 30% health.",
  "mod_epicloot_me_modifyattackspeedlowhealth_prefix1": "Striker's",
  "mod_epicloot_me_modifyattackspeedlowhealth_suffix1": "Striking",
  "mod_epicloot_me_avoiddamagetakenlowhealth_display": "Feint +{0:0.#}% (Health Critical)",
  "mod_epicloot_me_avoiddamagetakenlowhealth_desc": "The player's chance to avoid incoming attacks is increased by +<b><color=yellow>X</color></b>% when below 30% health.",
  "mod_epicloot_me_avoiddamagetakenlowhealth_prefix1": "Artful Dodger's",
  "mod_epicloot_me_avoiddamagetakenlowhealth_suffix1": "the Artful Dodger",
  "mod_epicloot_me_lifesteallowhealth_display": "Lifesteal {0:0.0}% (Health Critical)",
  "mod_epicloot_me_lifesteallowhealth_desc": "The player heals for +<b><color=yellow>X</color></b>% of attack damage when below 30% health.",
  "mod_epicloot_me_lifesteallowhealth_prefix1": "Valravn's",
  "mod_epicloot_me_lifesteallowhealth_suffix1": "Valravn",
  "mod_epicloot_me_glowing_display": "Glowing",
  "mod_epicloot_me_glowing_desc": "The player glows with a faint light.",
  "mod_epicloot_me_glowing_prefix1": "Glowing",
  "mod_epicloot_me_glowing_suffix1": "Light",
  "mod_epicloot_me_executioner_display": "Executioner +{0}%",
  "mod_epicloot_me_executioner_desc": "The first attack on an enemy that is below 20% health deals +<b><color=yellow>X</color></b>% damage.",
  "mod_epicloot_me_executioner_prefix1": "Executioner's",
  "mod_epicloot_me_executioner_suffix1": "Execution",
  "mod_epicloot_me_riches_display": "Riches +{0:0.#}%",
  "mod_epicloot_me_riches_desc": "Slain enemies have a +<b><color=yellow>X</color></b>% increased chance to drop coins or treasure.",
  "mod_epicloot_me_riches_prefix1": "Rich",
  "mod_epicloot_me_riches_suffix1": "Riches",
  "mod_epicloot_me_opportunist_display": "Opportunist +{0:0.#}%",
  "mod_epicloot_me_opportunist_desc": "Attacks made against staggered enemies have a +<b><color=yellow>X</color></b>% chance to deal backstab damage.",
  "mod_epicloot_me_opportunist_prefix1": "Opportunist's",
  "mod_epicloot_me_opportunist_suffix1": "Opportunity",
  "mod_epicloot_me_duelist_display": "Duelist +{0:0.#}%",
  "mod_epicloot_me_duelist_desc": "When using the magic weapon without anything in the player's off hand, its block power is increased by +<b><color=yellow>X</color></b>% of the weapon's attack power, and its parry force is increased by +<b><color=yellow>X/2</color></b>% of the weapon's attack power.",
  "mod_epicloot_me_duelist_prefix1": "Duelist's",
  "mod_epicloot_me_duelist_suffix1": "Dueling",
  "mod_epicloot_me_immovable_display": "Immovable",
  "mod_epicloot_me_immovable_desc": "The player is immune to knockback and stagger while blocking with the magic shield.",
  "mod_epicloot_me_immovable_prefix1": "Pillar's",
  "mod_epicloot_me_immovable_suffix1": "the Pillar",
  "mod_epicloot_me_modifystaggerdamage_display": "Stagger Damage +{0:0.#}%",
  "mod_epicloot_me_modifystaggerdamage_desc": "Increase damage to staggered enemies by +<b><color=yellow>X</color></b>%.",
  "mod_epicloot_me_modifystaggerdamage_prefix1": "Cunning",
  "mod_epicloot_me_modifystaggerdamage_suffix1": "Cunning",
  "mod_epicloot_me_luck_display": "Luck +{0}",
  "mod_epicloot_me_luck_desc": "Increase the chance to find higher rarity magic items.",
  "mod_epicloot_me_luck_prefix1": "Lucky",
  "mod_epicloot_me_luck_suffix1": "Luck",
  "mod_epicloot_me_modifyparrywindow_display": "Parry Window +{0} ms",
  "mod_epicloot_me_modifyparrywindow_desc": "Increase the time window for blocks to count as a parry by +<b><color=yellow>X</color></b> ms.",
  "mod_epicloot_me_modifyparrywindow_prefix1": "Parrying Expert's",
  "mod_epicloot_me_modifyparrywindow_suffix1": "Expert Parrying",
  "mod_epicloot_me_slow_display": "Slow +{0:0.#}%",
  "mod_epicloot_me_slow_desc": "Slows the attack and movement speed of creatures being hit by +<b><color=yellow>X</color></b>% for 2 seconds. Bosses are immune to this effect.",
  "mod_epicloot_me_slow_prefix1": "Sluggish",
  "mod_epicloot_me_slow_suffix1": "Lethargy",

  "mod_epicloot_set_me_bulwark": "Bulwark [Activated]: Prevent all damage for 5 seconds. Cooldown: 60 seconds.", 
  "mod_epicloot_set_me_undying": "Undying [Passive]: On death, regain full health. Cooldown: 20 minutes.", 
  "mod_epicloot_set_me_frostdamageaoe_display": "Melee attacks that deal frost damage deal an additional 50% of weapon damage as frost in a cone in front of the attacker.", 
  "mod_epicloot_set_me_berserker": "Berserker [Activated]: For 10 seconds, you cannot regenerate health, but you gain +50% to +200% damage based on health missing. Cooldown: 3 minutes.", 

  "mod_epicloot_basicmagicnameformat": "Magic {0}", // 0 = base name
  "mod_epicloot_fullnameformat": "{0}{1}{2}", // 0 = prefix, 1 = base name, 2 = suffix
  "mod_epicloot_prefixformat": "{0} ",
  "mod_epicloot_suffixformat": " of {0}",
  "mod_epicloot_epicnameformat": "{0} {1}", // 0 = adjective, 1 = name
  "mod_epicloot_basiclegendarynameformat": "Legendary {0}", // 0 = base name

  "mod_epicloot_rare_prefix1": "Strange",
  "mod_epicloot_rare_prefix2": "Rare",
  "mod_epicloot_rare_prefix3": "Cryptic",
  "mod_epicloot_rare_suffix1": "Secrets",
  "mod_epicloot_rare_suffix2": "Mystery",
  "mod_epicloot_rare_suffix3": "Obscurity",

  "mod_epicloot_epic_aesir": "Aesir",
  "mod_epicloot_epic_alfheim": "Alfheim",
  "mod_epicloot_epic_andvaris": "Andvari's",
  "mod_epicloot_epic_askrs": "Askr's",
  "mod_epicloot_epic_beast": "Beast",
  "mod_epicloot_epic_berserker": "Berserker",
  "mod_epicloot_epic_black": "Black",
  "mod_epicloot_epic_blood": "Blood",
  "mod_epicloot_epic_bone": "Bone",
  "mod_epicloot_epic_carrion": "Carrion",
  "mod_epicloot_epic_chaos": "Chaos",
  "mod_epicloot_epic_crow": "Crow",
  "mod_epicloot_epic_cruel": "Cruel",
  "mod_epicloot_epic_death": "Death",
  "mod_epicloot_epic_doom": "Doom",
  "mod_epicloot_epic_dread": "Dread",
  "mod_epicloot_epic_dverger": "Dverger",
  "mod_epicloot_epic_dokkalfar": "Dokkalfar",
  "mod_epicloot_epic_emblas": "Embla's",
  "mod_epicloot_epic_fell": "Fell",
  "mod_epicloot_epic_fiend": "Fiend",
  "mod_epicloot_epic_giant": "Giant",
  "mod_epicloot_epic_giantess": "Giantess",
  "mod_epicloot_epic_glyph": "Glyph",
  "mod_epicloot_epic_greyfell": "Greyfell",
  "mod_epicloot_epic_grim": "Grim",
  "mod_epicloot_epic_havoc": "Havoc",
  "mod_epicloot_epic_heathen": "Heathen",
  "mod_epicloot_epic_hel": "Hel",
  "mod_epicloot_epic_ljosalfar": "Ljosalfar",
  "mod_epicloot_epic_midgard": "Midgard",
  "mod_epicloot_epic_nibelung": "Nibelung",
  "mod_epicloot_epic_niflheim": "Niflheim",
  "mod_epicloot_epic_norn": "Norn",
  "mod_epicloot_epic_northgard": "Northgard",
  "mod_epicloot_epic_omen": "Omen",
  "mod_epicloot_epic_order": "Order",
  "mod_epicloot_epic_pain": "Pain",
  "mod_epicloot_epic_plague": "Plague",
  "mod_epicloot_epic_rage": "Rage",
  "mod_epicloot_epic_ragnarok": "Ragnarok",
  "mod_epicloot_epic_ransack": "Ransack",
  "mod_epicloot_epic_raven": "Raven",
  "mod_epicloot_epic_saga": "Saga",
  "mod_epicloot_epic_scathe": "Scathe",
  "mod_epicloot_epic_shadow": "Shadow",
  "mod_epicloot_epic_skulds": "Skuld's",
  "mod_epicloot_epic_skull": "Skull",
  "mod_epicloot_epic_slaughter": "Slaughter",
  "mod_epicloot_epic_svartalfar": "Svartalfar",
  "mod_epicloot_epic_troll": "Troll",
  "mod_epicloot_epic_valhalla": "Valhalla",
  "mod_epicloot_epic_vali": "Vali",
  "mod_epicloot_epic_valkyrie": "Valkyrie",
  "mod_epicloot_epic_vanir": "Vanir",
  "mod_epicloot_epic_vitharr": "Vitharr",
  "mod_epicloot_epic_white": "White",
  "mod_epicloot_epic_wrath": "Wrath",
  "mod_epicloot_epic_yggdrasill": "Yggdrasill",
  "mod_epicloot_epic_ymir": "Ymir",
  "mod_epicloot_epic_fleet": "Fleet",
  "mod_epicloot_epic_swift": "Swift",
  "mod_epicloot_epic_ash": "Ash",
  "mod_epicloot_epic_blaze": "Blaze",
  "mod_epicloot_epic_char": "Char",
  "mod_epicloot_epic_conflagration": "Conflagration",
  "mod_epicloot_epic_drake": "Drake",
  "mod_epicloot_epic_inferno": "Inferno",
  "mod_epicloot_epic_surt": "Surt",
  "mod_epicloot_epic_blizzard": "Blizzard",
  "mod_epicloot_epic_chill": "Chill",
  "mod_epicloot_epic_frost": "Frost",
  "mod_epicloot_epic_glacier": "Glacier",
  "mod_epicloot_epic_hail": "Hail",
  "mod_epicloot_epic_shock": "Shock",
  "mod_epicloot_epic_storm": "Storm",
  "mod_epicloot_epic_tempest": "Tempest",
  "mod_epicloot_epic_blight": "Blight",
  "mod_epicloot_epic_caustic": "Caustic",
  "mod_epicloot_epic_contagion": "Contagion",
  "mod_epicloot_epic_corruption": "Corruption",
  "mod_epicloot_epic_toxic": "Toxic",
  "mod_epicloot_epic_venom": "Venom",
  "mod_epicloot_epic_eidolon": "Eidolon",
  "mod_epicloot_epic_phantasm": "Phantasm",
  "mod_epicloot_epic_soul": "Soul",
  "mod_epicloot_epic_spectre": "Spectre",
  "mod_epicloot_epic_spirit": "Spirit",
  "mod_epicloot_epic_wraith": "Wraith",
  "mod_epicloot_epic_aegis": "Aegis",
  "mod_epicloot_epic_apparatus": "Apparatus",
  "mod_epicloot_epic_badge": "Badge",
  "mod_epicloot_epic_band": "Band",
  "mod_epicloot_epic_bar": "Bar",
  "mod_epicloot_epic_barb": "Barb",
  "mod_epicloot_epic_beacon": "Beacon",
  "mod_epicloot_epic_blade": "Blade",
  "mod_epicloot_epic_bludgeon": "Bludgeon",
  "mod_epicloot_epic_bolt": "Bolt",
  "mod_epicloot_epic_branch": "Branch",
  "mod_epicloot_epic_brand": "Brand",
  "mod_epicloot_epic_breaker": "Breaker",
  "mod_epicloot_epic_brow": "Brow",
  "mod_epicloot_epic_buckle": "Buckle",
  "mod_epicloot_epic_bulwark": "Bulwark",
  "mod_epicloot_epic_carapace": "Carapace",
  "mod_epicloot_epic_casque": "Casque",
  "mod_epicloot_epic_chain": "Chain",
  "mod_epicloot_epic_charm": "Charm",
  "mod_epicloot_epic_chopper": "Chopper",
  "mod_epicloot_epic_cleaver": "Cleaver",
  "mod_epicloot_epic_cloak": "Cloak",
  "mod_epicloot_epic_cowl": "Cowl",
  "mod_epicloot_epic_crest": "Crest",
  "mod_epicloot_epic_crown": "Crown",
  "mod_epicloot_epic_crusher": "Crusher",
  "mod_epicloot_epic_dart": "Dart",
  "mod_epicloot_epic_edge": "Edge",
  "mod_epicloot_epic_emblem": "Emblem",
  "mod_epicloot_epic_eye": "Eye",
  "mod_epicloot_epic_fang": "Fang",
  "mod_epicloot_epic_flange": "Flange",
  "mod_epicloot_epic_fletch": "Fletch",
  "mod_epicloot_epic_flight": "Flight",
  "mod_epicloot_epic_fortress": "Fortress",
  "mod_epicloot_epic_gadget": "Gadget",
  "mod_epicloot_epic_gizmo": "Gizmo",
  "mod_epicloot_epic_gnash": "Gnash",
  "mod_epicloot_epic_gorget": "Gorget",
  "mod_epicloot_epic_greaves": "Greaves",
  "mod_epicloot_epic_grinder": "Grinder",
  "mod_epicloot_epic_guard": "Guard",
  "mod_epicloot_epic_harness": "Harness",
  "mod_epicloot_epic_heart": "Heart",
  "mod_epicloot_epic_hew": "Hew",
  "mod_epicloot_epic_horn": "Horn",
  "mod_epicloot_epic_impaler": "Impaler",
  "mod_epicloot_epic_jack": "Jack",
  "mod_epicloot_epic_knot": "Knot",
  "mod_epicloot_epic_lock": "Lock",
  "mod_epicloot_epic_mallet": "Mallet",
  "mod_epicloot_epic_mangler": "Mangler",
  "mod_epicloot_epic_mantle": "Mantle",
  "mod_epicloot_epic_mark": "Mark",
  "mod_epicloot_epic_mask": "Mask",
  "mod_epicloot_epic_nails": "Nails",
  "mod_epicloot_epic_needle": "Needle",
  "mod_epicloot_epic_nock": "Nock",
  "mod_epicloot_epic_pelt": "Pelt",
  "mod_epicloot_epic_pickaxe": "Pickaxe",
  "mod_epicloot_epic_pickhammer": "Pickhammer",
  "mod_epicloot_epic_razor": "Razor",
  "mod_epicloot_epic_reaver": "Reaver",
  "mod_epicloot_epic_rend": "Rend",
  "mod_epicloot_epic_scourge": "Scourge",
  "mod_epicloot_epic_scythe": "Scythe",
  "mod_epicloot_epic_sever": "Sever",
  "mod_epicloot_epic_shanks": "Shanks",
  "mod_epicloot_epic_shell": "Shell",
  "mod_epicloot_epic_shield": "Shield",
  "mod_epicloot_epic_shroud": "Shroud",
  "mod_epicloot_epic_slayer": "Slayer",
  "mod_epicloot_epic_smasher": "Smasher",
  "mod_epicloot_epic_song": "Song",
  "mod_epicloot_epic_spike": "Spike",
  "mod_epicloot_epic_splitter": "Splitter",
  "mod_epicloot_epic_spur": "Spur",
  "mod_epicloot_epic_stabber": "Stabber",
  "mod_epicloot_epic_stalker": "Stalker",
  "mod_epicloot_epic_sting": "Sting",
  "mod_epicloot_epic_suit": "Suit",
  "mod_epicloot_epic_sunder": "Sunder",
  "mod_epicloot_epic_sword": "Sword",
  "mod_epicloot_epic_talisman": "Talisman",
  "mod_epicloot_epic_thirst": "Thirst",
  "mod_epicloot_epic_tool": "Tool",
  "mod_epicloot_epic_tower": "Tower",
  "mod_epicloot_epic_track": "Track",
  "mod_epicloot_epic_trample": "Trample",
  "mod_epicloot_epic_treader": "Treader",
  "mod_epicloot_epic_turn": "Turn",
  "mod_epicloot_epic_veil": "Veil",
  "mod_epicloot_epic_visage": "Visage",
  "mod_epicloot_epic_visor": "Visor",
  "mod_epicloot_epic_ward": "Ward",
  "mod_epicloot_epic_wrack": "Wrack",
  "mod_epicloot_epic_wrap": "Wrap",

  "mod_epicloot_l_fafnir": "Fafnir's Bloody Talon",
  "mod_epicloot_l_luff": "Lancing Luff's Lancer Lance of Lancing",
  "mod_epicloot_l_dyrnwyn": "Dyrnwyn, the White-Hilt",
  "mod_epicloot_l_dyrnwyn_desc": "Sword of King Ryhdderch Hael the Generous. When drawn by a worthy soul, the entire blade blazes with fire.",
  "mod_epicloot_l_sleipnirshoof": "Sleipnir's Hoof",
  "mod_epicloot_l_sleipnirshoof_desc": "A gnarled and mummified horse's foreleg. The hoof is incredibly hard and sharp. Those who weild it feel the urge to gallop.",
  "mod_epicloot_l_gungnir": "Gungnir, Spear of Odin", 
  "mod_epicloot_l_gungnir_desc": "Fashioned from the wood of the world tree Yggdrasil and engraved with the contracts from which Odin's power derives.",
  "mod_epicloot_l_mjolnir": "Mjolnir, Hammer of Thor", 
  "mod_epicloot_l_mjolnir_desc": "\"Mjolnir hurled forth towards the savage crew, and slew all the mountain-giants, who with Hyimir had him pursued.\" -Hymiskvida, Poetic Edda", 
  "mod_epicloot_l_lokis": "Lævateinn, Knife of Loki", 
  "mod_epicloot_l_lokis_desc": "Created to destroy the falcon Víðópnir, it crackles with godlike energies.", 
  "mod_epicloot_l_valk": "Strength of the Valkyrie", 
  "mod_epicloot_l_valk_desc": "Those nearest to death are closest to glory.", 
  "mod_epicloot_l_skofnung": "Skofnung", 
  "mod_epicloot_l_skofnung_desc": "The blade of legendary king Hrólfr Kraki, supernaturally sharp and imbued with the souls of his 12 faithful berserker bodyguards.", 
  "mod_epicloot_l_gram": "Gram", 
  "mod_epicloot_l_gram_desc": "The blade pulled from the tree, broken by Odin and reforged by dwarves, the slayer of Fafnir- it is the legendary blade itself!", 
  "mod_epicloot_l_angurvadal": "Angurvadal", 
  "mod_epicloot_l_angurvadal_desc": "Inscribed with runes, the sword of Fritiof is dim in times of peace, but brightly glows in times of war.", 
  "mod_epicloot_l_shard": "The Shattering", 
  "mod_epicloot_l_shard_desc": "Forged from shards harvested from the shattered edges of reality iself, from when Valheim was sundered from the realms.", 
  "mod_epicloot_l_gunnar": "Atgier of Sagas", 
  "mod_epicloot_l_gunnar_desc": "Gunnar Hámundarson's legendary Atgeir, said to sing when taken down for battle. It cuts as sharp as any song.", 
  "mod_epicloot_l_skadi": "Skaði's Hunt", 
  "mod_epicloot_l_skadi_desc": "The favored weapon of the goddess of the hunt, it's weilder is imbued with the swiftness of her legendary skis.", 
  "mod_epicloot_l_ullr": "Ullr's Favor", 
  "mod_epicloot_l_ullr_desc": "Ullr's mighty bow of the winter hunt, often given as a reward to those who have done favors for Odin. It seems that you are the latest to have gained his gratitude.", 
  "mod_epicloot_l_endbow": "The Endless Hunt", 
  "mod_epicloot_l_endbow_desc": "Forged from star fire and imbued with the legacy of your heroic deeds, this bow will never fail you. The Hunter of the Forsaken will never falter.", 
  "mod_epicloot_l_lind": "Message of Lindisfame", 
  "mod_epicloot_l_lind_desc": "Let all those who think they are safe and forever protected know- Odin's war is coming.", 
  "mod_epicloot_l_hofund": "Höfuð", 
  "mod_epicloot_l_hofund_desc": "The sword of Heimdall, the watchman of the gods and the keeper of the Bifrost bridge to Asgard. This blade is truly worthy of the eternal watchman.", 
  "mod_epicloot_l_njord": "Njǫrd's Favor", 
  "mod_epicloot_l_njord_desc": "The god Njǫrd, ruler of wind, sea, and riches, caught a piece of hurricane gale and fashioned it into this knife. A blade as swift and cutting as the northern wind.", 
  "mod_epicloot_l_bloodmace": "Life-Drinker", 
  "mod_epicloot_l_bloodmace_desc": "The spirits of the deathsquitos remain in this weapon, thirsting to drink deep of blood and grow strong.", 

  "mod_epicloot_l_heimdalltowershield": "Guardian of the Gods",
  "mod_epicloot_l_heimdalltowershield_desc": "None shall cross the burning rainbow bridge of Bifrost whilst Heimdall bars the way.",
  "mod_epicloot_l_heimdallhelmet": "Son of Nine Mothers",
  "mod_epicloot_l_heimdallhelmet_desc": "\"Nine Jotunn maids gave birth, to the gracious god, Heimdall, at the world's edge. Strong was he made with the might of the Earth, with the ice-cold Sea, and with Boar's blood.\" -Voluspa hin skamma, Poetic Edda", 
  "mod_epicloot_l_heimdallchest": "Heart of the Bifrost",
  "mod_epicloot_l_heimdallchest_desc": "You, warrior, enter the sanctuary of Himinbjorg. Be at rest in Heimdall's tranquil home and drink joyful of the good mead.",
  "mod_epicloot_l_heimdalllegs": "Stride of the Aesir", 
  "mod_epicloot_l_heimdalllegs_desc": "Heimdall, in his eternal vigilance, was blessed by the Aesir to appear precisely where and when he was needed the most.",
  "mod_epicloot_l_ragnarbattleaxe": "Serpentsbane",
  "mod_epicloot_l_ragnarbattleaxe_desc": "The blade that sliced the dire-serpent's head from its body, thus winning Ragnar the affections of Thora Borgarhjort.",
  "mod_epicloot_l_ragnarcape": "Ragnar's Boneless Wrap",
  "mod_epicloot_l_ragnarcape_desc": "Provides you with wisdom, cunning, and mastery of battle tactics. Especially when invading Northumbria.", 
  "mod_epicloot_l_ragnarchest": "Ragnar's White Shirt",
  "mod_epicloot_l_ragnarchest_desc": "Wear this cuirass when you seek vengeance or justice.",
  "mod_epicloot_l_ragnarlegs": "Ragnar's Ironsides", 
  "mod_epicloot_l_ragnarlegs_desc": "Go forth, and inflict great slaughter upon the enemy, gained from the strength of your Ironsides.",
  
  "mod_epicloot_set_heimdall": "Heimdall's Legacy",
  "mod_epicloot_set_ragnar": "Ragnar's Fury",
  
  "mod_epicloot_magic": "Magic",
  "mod_epicloot_rare": "Rare",
  "mod_epicloot_epic": "Epic",
  "mod_epicloot_legendary": "Legendary",
  "mod_epicloot_legendarysetlabel": "Legendary Set Item"
}
