{
  "FulingCoinDropScale": 1.0,
  "SecretStash": {
    "RefreshInterval": 1,
    "Materials": [
      { "Item": "ShardMagic",       "CoinsCost": 5   },
      { "Item": "DustMagic",        "CoinsCost": 5   },
      { "Item": "ReagentMagic",     "CoinsCost": 5   },
      { "Item": "EssenceMagic",     "CoinsCost": 5   },
      { "Item": "ShardRare",        "CoinsCost": 25  },
      { "Item": "DustRare",         "CoinsCost": 25  },
      { "Item": "ReagentRare",      "CoinsCost": 25  },
      { "Item": "EssenceRare",      "CoinsCost": 25  },
      { "Item": "ShardEpic",        "CoinsCost": 125 },
      { "Item": "DustEpic",         "CoinsCost": 125 },
      { "Item": "ReagentEpic",      "CoinsCost": 125 },
      { "Item": "EssenceEpic",      "CoinsCost": 125 },
      { "Item": "ShardLegendary",   "CoinsCost": 625 },
      { "Item": "DustLegendary",    "CoinsCost": 625 },
      { "Item": "ReagentLegendary", "CoinsCost": 625 },
      { "Item": "EssenceLegendary", "CoinsCost": 625 }
    ],
    "RollsPerRarity": [1, 1, 1, 1],
    "RandomItems": [
    ],
    "RandomItemsCount": 0, 
    "OtherItems": [
      { "Item": "Andvaranaut", "CoinsCost": 2000 }
    ]
  },
  "Gamble": { 
    "RefreshInterval": 1,
    "Gambles": [
      "Swords",
      "Axes",
      "TwoHandAxes",
      "Knives",
      "Fists",
      "Staffs",
      "Clubs",
      "Sledges",
      "Polearms",
      "Spears",
      "Pickaxes",
      "Bows",
      "Bucklers",
      "RoundShields",
      "TowerShields",
      "ChestArmor",
      "LegsArmor",
      "HeadArmor",
      "ShouldersArmor",
      "Utility"
    ],
    "GamblesCount": 4,
    "GambleRarityChance": [ 10, 69, 15, 5, 1 ],
    "GambleRarityChanceByRarity" : [
      [ 0, 90, 9, 1, 0 ],
      [ 0, 0, 90, 9, 1 ],
      [ 0, 0, 0, 90, 10 ],
      [ 0, 0, 0, 0, 100 ]
    ],
    "ForestTokenGamblesCount": 2, 
    "ForestTokenGambleCoinsCost": 1.5, 
    "ForestTokenGambleCostMin": 5,
    "ForestTokenGambleCostMax": 9,
    "IronBountyGamblesCount": 2, 
    "IronBountyGambleCoinsCost": 1.5, 
    "IronBountyGambleCost": 5,
    "GoldBountyGamblesCount": 1, 
    "GoldBountyGambleCoinsCost": 1.5, 
    "GoldBountyGambleCost": 3, 
    "GambleCosts": [
      { "Item": "AtgeirBronze",           "CoinsCost": 350  },
      { "Item": "AtgeirIron",             "CoinsCost": 500  },
      { "Item": "AtgeirBlackmetal",       "CoinsCost": 1500 },
      { "Item": "AtgeirHimminAfl",        "CoinsCost": 5000 },

      { "Item": "AxeStone",               "CoinsCost": 100  },
      { "Item": "AxeFlint",               "CoinsCost": 200  },
      { "Item": "AxeBronze",              "CoinsCost": 350  },
      { "Item": "AxeIron",                "CoinsCost": 500  },
      { "Item": "AxeBlackMetal",          "CoinsCost": 1500 },
      { "Item": "AxeJotunBane",           "CoinsCost": 5000 },

      { "Item": "Battleaxe",              "CoinsCost": 500  },
      { "Item": "BattleaxeCrystal",       "CoinsCost": 1500 },

      { "Item": "Club",                   "CoinsCost": 100  },
      { "Item": "MaceBronze",             "CoinsCost": 350  },
      { "Item": "MaceIron",               "CoinsCost": 500  },
      { "Item": "MaceSilver",             "CoinsCost": 800  },
      { "Item": "MaceNeedle",             "CoinsCost": 1500 },

      { "Item": "KnifeFlint",             "CoinsCost": 100  },
      { "Item": "KnifeCopper",            "CoinsCost": 150  },
      { "Item": "KnifeChitin",            "CoinsCost": 350  },
      { "Item": "KnifeSilver",            "CoinsCost": 800  },
      { "Item": "KnifeBlackMetal",        "CoinsCost": 1100 },
      { "Item": "KnifeSkollAndHati",      "CoinsCost": 5000 },

      { "Item": "FistFenrirClaw",         "CoinsCost": 1100 },

      { "Item": "StaffFireball",          "CoinsCost": 5000 },
      { "Item": "StaffIceShards",         "CoinsCost": 5000 },
      { "Item": "StaffShield",            "CoinsCost": 5000 },
      { "Item": "StaffSkeleton",          "CoinsCost": 5000 },

      { "Item": "PickaxeStone",           "CoinsCost": 450  },
      { "Item": "PickaxeAntler",          "CoinsCost": 300  },
      { "Item": "PickaxeBronze",          "CoinsCost": 600  },
      { "Item": "PickaxeIron",            "CoinsCost": 500  },

      { "Item": "SledgeStagbreaker",      "CoinsCost": 200  },
      { "Item": "SledgeIron",             "CoinsCost": 700  },
      { "Item": "SledgeDemolisher",       "CoinsCost": 5000 },

      { "Item": "SpearFlint",             "CoinsCost": 100  },
      { "Item": "SpearBronze",            "CoinsCost": 300  },
      { "Item": "SpearElderbark",         "CoinsCost": 400  },
      { "Item": "SpearChitin",            "CoinsCost": 300  },
      { "Item": "SpearWolfFang",          "CoinsCost": 600  },
      { "Item": "SpearCarapace",          "CoinsCost": 5000 },

      { "Item": "SwordBronze",            "CoinsCost": 350  },
      { "Item": "SwordIron",              "CoinsCost": 500  },
      { "Item": "SwordSilver",            "CoinsCost": 800  },
      { "Item": "SwordBlackmetal",        "CoinsCost": 1500 },
      { "Item": "SwordMistwalker",        "CoinsCost": 5000 },
      { "Item": "THSwordKrom",            "CoinsCost": 11000},

      { "Item": "Bow",                    "CoinsCost": 100  },
      { "Item": "BowFineWood",            "CoinsCost": 500  },
      { "Item": "BowHuntsman",            "CoinsCost": 1000 },
      { "Item": "BowDraugrFang",          "CoinsCost": 1500 },
      { "Item": "CrossbowArbalest",       "CoinsCost": 3500 },
      { "Item": "BowSpineSnap",           "CoinsCost": 5000 },

      { "Item": "PickaxeAntler",          "CoinsCost": 100  },
      { "Item": "PickaxeBronze",          "CoinsCost": 250  },
      { "Item": "PickaxeIron",            "CoinsCost": 800  },
      { "Item": "PickaxeBlackMetal",      "CoinsCost": 1500 },

      { "Item": "ShieldWood",             "CoinsCost": 100  },
      { "Item": "ShieldBanded",           "CoinsCost": 400  },
      { "Item": "ShieldSilver",           "CoinsCost": 800  },
      { "Item": "ShieldBlackmetal",       "CoinsCost": 1500 },
      { "Item": "ShieldCarapace",         "CoinsCost": 5000 },

      { "Item": "ShieldBronzeBuckler",    "CoinsCost": 250  },
      { "Item": "ShieldIronBuckler",      "CoinsCost": 700  },
      { "Item": "ShieldCarapaceBuckler",  "CoinsCost": 5000 },

      { "Item": "ShieldWoodTower",        "CoinsCost": 130  },
      { "Item": "ShieldBoneTower",        "CoinsCost": 500  },
      { "Item": "ShieldIronTower",        "CoinsCost": 700  },
      { "Item": "ShieldSerpentscale",     "CoinsCost": 700  },
      { "Item": "ShieldBlackmetalTower",  "CoinsCost": 1800 },

      { "Item": "ArmorRagsChest",         "CoinsCost": 100  },
      { "Item": "ArmorLeatherChest",      "CoinsCost": 200  },
      { "Item": "ArmorTrollLeatherChest", "CoinsCost": 400  },
      { "Item": "ArmorBronzeChest",       "CoinsCost": 550  },
      { "Item": "ArmorIronChest",         "CoinsCost": 900  },
      { "Item": "ArmorRootChest",         "CoinsCost": 900  },
      { "Item": "ArmorWolfChest",         "CoinsCost": 1400 },
      { "Item": "ArmorFenringChest",      "CoinsCost": 1400 },
      { "Item": "ArmorPaddedCuirass",     "CoinsCost": 2000 },
      { "Item": "ArmorCarapaceChest",     "CoinsCost": 5000 },
      { "Item": "ArmorMageChest",         "CoinsCost": 5000 },

      { "Item": "ArmorRagsLegs",          "CoinsCost": 100  },
      { "Item": "ArmorLeatherLegs",       "CoinsCost": 200  },
      { "Item": "ArmorTrollLeatherLegs",  "CoinsCost": 400  },
      { "Item": "ArmorBronzeLegs",        "CoinsCost": 550  },
      { "Item": "ArmorIronLegs",          "CoinsCost": 900  },
      { "Item": "ArmorRootLegs",          "CoinsCost": 900  },
      { "Item": "ArmorWolfLegs",          "CoinsCost": 1400 },
      { "Item": "ArmorFenringLegs",       "CoinsCost": 1400 },
      { "Item": "ArmorPaddedGreaves",     "CoinsCost": 2000 },
      { "Item": "ArmorCarapaceLegs",      "CoinsCost": 5000 },
      { "Item": "ArmorMageLegs",          "CoinsCost": 5000 },

      { "Item": "HelmetLeather",          "CoinsCost": 100  },
      { "Item": "HelmetTrollLeather",     "CoinsCost": 150  },
      { "Item": "HelmetBronze",           "CoinsCost": 300  },
      { "Item": "HelmetIron",             "CoinsCost": 450  },
      { "Item": "HelmetRoot",             "CoinsCost": 450  },
      { "Item": "HelmetDrake",            "CoinsCost": 750  },
      { "Item": "HelmetFenring",          "CoinsCost": 750  },
      { "Item": "HelmetPadded",           "CoinsCost": 1000 },
      { "Item": "HelmetCarapace",         "CoinsCost": 3000 },
      { "Item": "HelmetMage",             "CoinsCost": 3000 },

      { "Item": "CapeDeerHide",           "CoinsCost": 100  },
      { "Item": "CapeTrollHide",          "CoinsCost": 250  },
      { "Item": "CapeWolf",               "CoinsCost": 500  },
      { "Item": "CapeLinen",              "CoinsCost": 1000 },
      { "Item": "CapeLox",                "CoinsCost": 750  },
      { "Item": "CapeFeather",            "CoinsCost": 3000 },

      { "Item": "LeatherBelt",            "CoinsCost": 300  },
      { "Item": "GoldRubyRing",           "CoinsCost": 500  },
      { "Item": "SilverRing",             "CoinsCost": 1500 }
    ]
  },
  "TreasureMap": { 
    "RefreshInterval": 7,
    "BiomeInfo": [
      { "Biome": "Meadows",     "Cost": 100, "ForestTokens": 5,  "MinRadius": 0,    "MaxRadius": 3000 },
      { "Biome": "BlackForest", "Cost": 200, "ForestTokens": 10, "MinRadius": 0,    "MaxRadius": 6000 },
      { "Biome": "Swamp",       "Cost": 300, "ForestTokens": 15, "MinRadius": 2000, "MaxRadius": 6000 },
      { "Biome": "Mountain",    "Cost": 400, "ForestTokens": 20, "MinRadius": 2000, "MaxRadius": 6000 },
      { "Biome": "Plains",      "Cost": 500, "ForestTokens": 25, "MinRadius": 3000, "MaxRadius": 6000 },
      { "Biome": "Mistlands",   "Cost": 800, "ForestTokens": 50, "MinRadius": 5000, "MaxRadius": 9000 }
    ],
    "StartRadiusMin": 0,
    "StartRadiusMax": 500,
    "IncreaseRadiusCount": 3,
    "RadiusInterval": 500,
    "MinimapAreaRadius": 60,
    "SaleItems": [
      { "Item": "RunestoneMagic",     "ForestTokenCost": 5 },
      { "Item": "RunestoneRare",      "ForestTokenCost": 10 },
      { "Item": "RunestoneEpic",      "ForestTokenCost": 15 },
      { "Item": "RunestoneLegendary", "ForestTokenCost": 20 }
    ] 
  },
  "Bounties": { 
    "RefreshInterval": 7,
    "IronMinLevel": 2,
    "IronMaxLevel": 3,
    "IronHealthMultiplier": 2.0, 
    "GoldMinLevel": 3,
    "GoldMaxLevel": 3,
    "GoldHealthMultiplier": 3.0, 
    "AddsMinLevel": 1,
    "AddsMaxLevel": 2,
    "AddsHealthMultiplier": 1.5, 
    "Targets": [
      { "Biome": "Meadows",     "TargetID": "Deer",             "RewardGold": 0, "RewardIron": 1, "RewardCoins": 50   },
      { "Biome": "Meadows",     "TargetID": "Boar",             "RewardGold": 0, "RewardIron": 1, "RewardCoins": 50   },
      { "Biome": "Meadows",     "TargetID": "Boar",             "RewardGold": 0, "RewardIron": 2, "RewardCoins": 55, "Adds": [ { "ID": "Boar",          "Count": 2 }  ] },
      { "Biome": "Meadows",     "TargetID": "Neck",             "RewardGold": 0, "RewardIron": 1, "RewardCoins": 50   },
      { "Biome": "Meadows",     "TargetID": "Neck",             "RewardGold": 0, "RewardIron": 2, "RewardCoins": 55, "Adds": [ { "ID": "Neck",          "Count": 2 }  ] },
      
      { "Biome": "BlackForest", "TargetID": "Greydwarf",        "RewardGold": 0, "RewardIron": 2, "RewardCoins": 115  },
      { "Biome": "BlackForest", "TargetID": "Greydwarf",        "RewardGold": 0, "RewardIron": 2, "RewardCoins": 115  },
      { "Biome": "BlackForest", "TargetID": "Skeleton",         "RewardGold": 0, "RewardIron": 2, "RewardCoins": 115  },
      { "Biome": "BlackForest", "TargetID": "Skeleton",         "RewardGold": 0, "RewardIron": 2, "RewardCoins": 115  },
      { "Biome": "BlackForest", "TargetID": "Ghost",            "RewardGold": 0, "RewardIron": 2, "RewardCoins": 120  },
      { "Biome": "BlackForest", "TargetID": "Skeleton",         "RewardGold": 0, "RewardIron": 4, "RewardCoins": 130, "Adds": [ { "ID": "Skeleton",     "Count": 3 }  ] },
      { "Biome": "BlackForest", "TargetID": "Greydwarf_Elite",  "RewardGold": 1, "RewardIron": 0, "RewardCoins": 120  },
      { "Biome": "BlackForest", "TargetID": "Troll",            "RewardGold": 1, "RewardIron": 0, "RewardCoins": 150  },
      { "Biome": "BlackForest", "TargetID": "Greydwarf_Shaman", "RewardGold": 1, "RewardIron": 4, "RewardCoins": 140, "Adds": [ { "ID": "Greydwarf",    "Count": 3 }  ] },
      
      { "Biome": "Swamp",       "TargetID": "Blob",             "RewardGold": 0, "RewardIron": 3, "RewardCoins": 225  },
      { "Biome": "Swamp",       "TargetID": "Skeleton",         "RewardGold": 0, "RewardIron": 3, "RewardCoins": 220  },
      { "Biome": "Swamp",       "TargetID": "Leech",            "RewardGold": 0, "RewardIron": 3, "RewardCoins": 220  },
      { "Biome": "Swamp",       "TargetID": "Draugr",           "RewardGold": 0, "RewardIron": 3, "RewardCoins": 230  },
      { "Biome": "Swamp",       "TargetID": "Surtling",         "RewardGold": 0, "RewardIron": 3, "RewardCoins": 220  },
      { "Biome": "Swamp",       "TargetID": "Wraith",           "RewardGold": 1, "RewardIron": 0, "RewardCoins": 250  },
      { "Biome": "Swamp",       "TargetID": "Draugr_Elite",     "RewardGold": 1, "RewardIron": 0, "RewardCoins": 250  },
      { "Biome": "Swamp",       "TargetID": "Abomination",      "RewardGold": 2, "RewardIron": 0, "RewardCoins": 280  },
      { "Biome": "Swamp",       "TargetID": "Draugr_Elite",     "RewardGold": 1, "RewardIron": 5, "RewardCoins": 280, "Adds": [ { "ID": "Draugr",       "Count": 3 }  ] },
      { "Biome": "Swamp",       "TargetID": "Skeleton",         "RewardGold": 1, "RewardIron": 5, "RewardCoins": 250, "Adds": [ { "ID": "Skeleton",     "Count": 5 }  ] },
      
      { "Biome": "Mountain",    "TargetID": "Wolf",             "RewardGold": 0, "RewardIron": 4, "RewardCoins": 330  },
      { "Biome": "Mountain",    "TargetID": "Wolf",             "RewardGold": 0, "RewardIron": 4, "RewardCoins": 330  },
      { "Biome": "Mountain",    "TargetID": "Hatchling",        "RewardGold": 0, "RewardIron": 4, "RewardCoins": 330  },
      { "Biome": "Mountain",    "TargetID": "Hatchling",        "RewardGold": 0, "RewardIron": 4, "RewardCoins": 330  },
      { "Biome": "Mountain",    "TargetID": "Fenring",          "RewardGold": 2, "RewardIron": 0, "RewardCoins": 350  },
      { "Biome": "Mountain",    "TargetID": "Fenring",          "RewardGold": 2, "RewardIron": 5, "RewardCoins": 400, "Adds": [ { "ID": "Wolf",         "Count": 3 }  ] },
      { "Biome": "Mountain",    "TargetID": "StoneGolem",       "RewardGold": 2, "RewardIron": 0, "RewardCoins": 380  },
      { "Biome": "Mountain",    "TargetID": "StoneGolem",       "RewardGold": 3, "RewardIron": 7, "RewardCoins": 450, "Adds": [ { "ID": "StoneGolem",   "Count": 2 }  ] },
      { "Biome": "Mountain",    "TargetID": "Cultist",          "RewardGold": 3, "RewardIron": 5, "RewardCoins": 350, "Adds": [ { "ID": "Cultist",      "Count": 2 }  ] },
      { "Biome": "Mountain",    "TargetID": "Cultist",          "RewardGold": 3, "RewardIron": 3, "RewardCoins": 350, "Adds": [ { "ID": "Ulv",          "Count": 2 }  ] },

      { "Biome": "Plains",      "TargetID": "Goblin",           "RewardGold": 0, "RewardIron": 5, "RewardCoins": 450  },
      { "Biome": "Plains",      "TargetID": "Goblin",           "RewardGold": 0, "RewardIron": 5, "RewardCoins": 450  },
      { "Biome": "Plains",      "TargetID": "Goblin",           "RewardGold": 0, "RewardIron": 5, "RewardCoins": 450  },
      { "Biome": "Plains",      "TargetID": "Lox",              "RewardGold": 0, "RewardIron": 5, "RewardCoins": 480  },
      { "Biome": "Plains",      "TargetID": "Growth",           "RewardGold": 1, "RewardIron": 5, "RewardCoins": 480  },
      { "Biome": "Plains",      "TargetID": "Growth",           "RewardGold": 1, "RewardIron": 5, "RewardCoins": 580, "Adds": [ { "ID": "Growth",       "Count": 2 }  ] },
      { "Biome": "Plains",      "TargetID": "Deathsquito",      "RewardGold": 0, "RewardIron": 5, "RewardCoins": 435  },
      { "Biome": "Plains",      "TargetID": "Deathsquito",      "RewardGold": 0, "RewardIron": 5, "RewardCoins": 435  },
      { "Biome": "Plains",      "TargetID": "Deathsquito",      "RewardGold": 3, "RewardIron": 8, "RewardCoins": 450, "Adds": [ { "ID": "Deathsquito",  "Count": 2 }  ] },
      { "Biome": "Plains",      "TargetID": "GoblinBrute",      "RewardGold": 3, "RewardIron": 0, "RewardCoins": 480  },
      { "Biome": "Plains",      "TargetID": "GoblinBrute",      "RewardGold": 3, "RewardIron": 8, "RewardCoins": 520, "Adds": [ { "ID": "Goblin",       "Count": 2 }  ] },
      { "Biome": "Plains",      "TargetID": "GoblinBrute",      "RewardGold": 3, "RewardIron": 10,"RewardCoins": 580, "Adds": [ { "ID": "Goblin",       "Count": 3 }  ] },
      { "Biome": "Plains",      "TargetID": "GoblinShaman",     "RewardGold": 3, "RewardIron": 10,"RewardCoins": 600, "Adds": [ { "ID": "Goblin",       "Count": 3 }  ] },
      { "Biome": "Plains",      "TargetID": "GoblinShaman",     "RewardGold": 5, "RewardIron": 15,"RewardCoins": 650, "Adds": [ { "ID": "GoblinBrute",  "Count": 1 }, { "ID": "Goblin", "Count": 2 } ] },
    
      { "Biome": "Ocean",       "TargetID": "Serpent",          "RewardGold": 1, "RewardIron": 0, "RewardCoins": 330  },

      { "Biome": "Mistlands",   "TargetID": "Seeker",           "RewardGold": 0, "RewardIron": 7, "RewardCoins": 1750 },
      { "Biome": "Mistlands",   "TargetID": "SeekerBrute",      "RewardGold": 0, "RewardIron": 9, "RewardCoins": 1750 },
      { "Biome": "Mistlands",   "TargetID": "SeekerBrute",      "RewardGold": 4, "RewardIron": 7, "RewardCoins": 1750,"Adds": [ { "ID": "Seeker",       "Count": 2  } ] },
      { "Biome": "Mistlands",   "TargetID": "Seeker",           "RewardGold": 4, "RewardIron": 7, "RewardCoins": 1750,"Adds": [ { "ID": "SeekerBrood",  "Count": 10 } ] },
      { "Biome": "Mistlands",   "TargetID": "Gjall",            "RewardGold": 5, "RewardIron": 0, "RewardCoins": 1800 }
    ],
    "Names": {
      "ChanceForSpecialName": 0.01,
      "SpecialNames": [
        "Randy Knapp, Celestial Being",
        "Vapok, Moderator Extraordinaire",
        "Ghosty, Super Tester",
        "Diamond Dave, Patron",
        "Molag Bal, Patron"
      ],
      "Prefixes": [
        "$mod_epicloot_bounties_prefix_acid",       
        "$mod_epicloot_bounties_prefix_aeztr",       
        "$mod_epicloot_bounties_prefix_agukir",       
        "$mod_epicloot_bounties_prefix_ajath",       
        "$mod_epicloot_bounties_prefix_akanoth",       
        "$mod_epicloot_bounties_prefix_almollak",       
        "$mod_epicloot_bounties_prefix_anarchis",       
        "$mod_epicloot_bounties_prefix_anger",       
        "$mod_epicloot_bounties_prefix_anguish",
        "$mod_epicloot_bounties_prefix_asja",       
        "$mod_epicloot_bounties_prefix_aunuksih",       
        "$mod_epicloot_bounties_prefix_awnd",       
        "$mod_epicloot_bounties_prefix_azath",       
        "$mod_epicloot_bounties_prefix_azzamod",       
        "$mod_epicloot_bounties_prefix_bagthamuun",       
        "$mod_epicloot_bounties_prefix_barb",       
        "$mod_epicloot_bounties_prefix_bathtador",       
        "$mod_epicloot_bounties_prefix_bein",
        "$mod_epicloot_bounties_prefix_bepshish",       
        "$mod_epicloot_bounties_prefix_blemish",       
        "$mod_epicloot_bounties_prefix_blent",       
        "$mod_epicloot_bounties_prefix_bone",       
        "$mod_epicloot_bounties_prefix_boninned",       
        "$mod_epicloot_bounties_prefix_borth",       
        "$mod_epicloot_bounties_prefix_bracknik",       
        "$mod_epicloot_bounties_prefix_brazrannug",       
        "$mod_epicloot_bounties_prefix_caella",
        "$mod_epicloot_bounties_prefix_danger",       
        "$mod_epicloot_bounties_prefix_deakgu",       
        "$mod_epicloot_bounties_prefix_deceit",       
        "$mod_epicloot_bounties_prefix_deraria",       
        "$mod_epicloot_bounties_prefix_desonia",       
        "$mod_epicloot_bounties_prefix_dogmozun",       
        "$mod_epicloot_bounties_prefix_domr",       
        "$mod_epicloot_bounties_prefix_dread",       
        "$mod_epicloot_bounties_prefix_drogtherun",
        "$mod_epicloot_bounties_prefix_drorothiuk",       
        "$mod_epicloot_bounties_prefix_dugi",       
        "$mod_epicloot_bounties_prefix_dulphumph",       
        "$mod_epicloot_bounties_prefix_dwent",       
        "$mod_epicloot_bounties_prefix_envy",       
        "$mod_epicloot_bounties_prefix_etherezi",       
        "$mod_epicloot_bounties_prefix_ezeret",       
        "$mod_epicloot_bounties_prefix_fafseal",       
        "$mod_epicloot_bounties_prefix_fame",
        "$mod_epicloot_bounties_prefix_fate",       
        "$mod_epicloot_bounties_prefix_feairi",       
        "$mod_epicloot_bounties_prefix_fear",       
        "$mod_epicloot_bounties_prefix_felagi",       
        "$mod_epicloot_bounties_prefix_feldgulg",       
        "$mod_epicloot_bounties_prefix_feral",       
        "$mod_epicloot_bounties_prefix_floerd",       
        "$mod_epicloot_bounties_prefix_florialle",       
        "$mod_epicloot_bounties_prefix_florola",
        "$mod_epicloot_bounties_prefix_frodi",       
        "$mod_epicloot_bounties_prefix_frosti",       
        "$mod_epicloot_bounties_prefix_funa",       
        "$mod_epicloot_bounties_prefix_fwent",       
        "$mod_epicloot_bounties_prefix_gagrellan",       
        "$mod_epicloot_bounties_prefix_gallhag",       
        "$mod_epicloot_bounties_prefix_garunoth",       
        "$mod_epicloot_bounties_prefix_griever",       
        "$mod_epicloot_bounties_prefix_grima",
        "$mod_epicloot_bounties_prefix_hagr",       
        "$mod_epicloot_bounties_prefix_hath",       
        "$mod_epicloot_bounties_prefix_hatred",       
        "$mod_epicloot_bounties_prefix_helleanor",       
        "$mod_epicloot_bounties_prefix_hephinore",       
        "$mod_epicloot_bounties_prefix_hermadi",       
        "$mod_epicloot_bounties_prefix_hildr",       
        "$mod_epicloot_bounties_prefix_hjala",       
        "$mod_epicloot_bounties_prefix_hluti",
        "$mod_epicloot_bounties_prefix_horron",       
        "$mod_epicloot_bounties_prefix_horror",       
        "$mod_epicloot_bounties_prefix_igurg",       
        "$mod_epicloot_bounties_prefix_irrad",       
        "$mod_epicloot_bounties_prefix_ithturus",       
        "$mod_epicloot_bounties_prefix_jaugruje",       
        "$mod_epicloot_bounties_prefix_jecsuqut",       
        "$mod_epicloot_bounties_prefix_jekegshout",       
        "$mod_epicloot_bounties_prefix_jougyeq",
        "$mod_epicloot_bounties_prefix_kolruzok",       
        "$mod_epicloot_bounties_prefix_kula",       
        "$mod_epicloot_bounties_prefix_litlaus",       
        "$mod_epicloot_bounties_prefix_lorethe",       
        "$mod_epicloot_bounties_prefix_lugdum",       
        "$mod_epicloot_bounties_prefix_lyvise",       
        "$mod_epicloot_bounties_prefix_malice",       
        "$mod_epicloot_bounties_prefix_malmr",       
        "$mod_epicloot_bounties_prefix_margath",
        "$mod_epicloot_bounties_prefix_mask",       
        "$mod_epicloot_bounties_prefix_mattr",       
        "$mod_epicloot_bounties_prefix_mighty",       
        "$mod_epicloot_bounties_prefix_mimir",       
        "$mod_epicloot_bounties_prefix_mol",       
        "$mod_epicloot_bounties_prefix_moleck",       
        "$mod_epicloot_bounties_prefix_moloth",       
        "$mod_epicloot_bounties_prefix_morbius",       
        "$mod_epicloot_bounties_prefix_mordvig",
        "$mod_epicloot_bounties_prefix_natt",       
        "$mod_epicloot_bounties_prefix_nehgac",       
        "$mod_epicloot_bounties_prefix_nelleanor",       
        "$mod_epicloot_bounties_prefix_nephyana",       
        "$mod_epicloot_bounties_prefix_night",       
        "$mod_epicloot_bounties_prefix_noxuc",       
        "$mod_epicloot_bounties_prefix_nucsus",       
        "$mod_epicloot_bounties_prefix_nysalin",       
        "$mod_epicloot_bounties_prefix_olganeth",
        "$mod_epicloot_bounties_prefix_opathu",       
        "$mod_epicloot_bounties_prefix_orinys",       
        "$mod_epicloot_bounties_prefix_orrakith",       
        "$mod_epicloot_bounties_prefix_ostronag",       
        "$mod_epicloot_bounties_prefix_osuxah",       
        "$mod_epicloot_bounties_prefix_ovaettr",       
        "$mod_epicloot_bounties_prefix_pnaby",       
        "$mod_epicloot_bounties_prefix_pra",       
        "$mod_epicloot_bounties_prefix_qflugi",
        "$mod_epicloot_bounties_prefix_rage",       
        "$mod_epicloot_bounties_prefix_recseh",       
        "$mod_epicloot_bounties_prefix_rezuaq",       
        "$mod_epicloot_bounties_prefix_rok",       
        "$mod_epicloot_bounties_prefix_rot",       
        "$mod_epicloot_bounties_prefix_ruqujua",       
        "$mod_epicloot_bounties_prefix_sal",       
        "$mod_epicloot_bounties_prefix_scabthatch",       
        "$mod_epicloot_bounties_prefix_scare",
        "$mod_epicloot_bounties_prefix_scaron",       
        "$mod_epicloot_bounties_prefix_sezzonas",       
        "$mod_epicloot_bounties_prefix_shadeling",       
        "$mod_epicloot_bounties_prefix_shahxuja",       
        "$mod_epicloot_bounties_prefix_skeltal",       
        "$mod_epicloot_bounties_prefix_skjar",       
        "$mod_epicloot_bounties_prefix_skod",       
        "$mod_epicloot_bounties_prefix_skoth",       
        "$mod_epicloot_bounties_prefix_sloth",
        "$mod_epicloot_bounties_prefix_smog",       
        "$mod_epicloot_bounties_prefix_sorguleth",       
        "$mod_epicloot_bounties_prefix_sorrow",       
        "$mod_epicloot_bounties_prefix_soul",       
        "$mod_epicloot_bounties_prefix_spirit",       
        "$mod_epicloot_bounties_prefix_spite",       
        "$mod_epicloot_bounties_prefix_stormerki",       
        "$mod_epicloot_bounties_prefix_taustpion",       
        "$mod_epicloot_bounties_prefix_terron",
        "$mod_epicloot_bounties_prefix_terror",       
        "$mod_epicloot_bounties_prefix_theloya",       
        "$mod_epicloot_bounties_prefix_tiglemun",       
        "$mod_epicloot_bounties_prefix_torment",       
        "$mod_epicloot_bounties_prefix_trostraus",       
        "$mod_epicloot_bounties_prefix_twilight",       
        "$mod_epicloot_bounties_prefix_tyrant",       
        "$mod_epicloot_bounties_prefix_tyvase",       
        "$mod_epicloot_bounties_prefix_uemiara",
        "$mod_epicloot_bounties_prefix_ugaq",       
        "$mod_epicloot_bounties_prefix_und",       
        "$mod_epicloot_bounties_prefix_uquxa",       
        "$mod_epicloot_bounties_prefix_urnollaar",       
        "$mod_epicloot_bounties_prefix_ushuq",       
        "$mod_epicloot_bounties_prefix_vaett",       
        "$mod_epicloot_bounties_prefix_vam",       
        "$mod_epicloot_bounties_prefix_vind",       
        "$mod_epicloot_bounties_prefix_vit",
        "$mod_epicloot_bounties_prefix_vozgonoth",       
        "$mod_epicloot_bounties_prefix_vyneano",       
        "$mod_epicloot_bounties_prefix_vynynore",       
        "$mod_epicloot_bounties_prefix_waringo",       
        "$mod_epicloot_bounties_prefix_warrior",       
        "$mod_epicloot_bounties_prefix_wind",       
        "$mod_epicloot_bounties_prefix_witseab",       
        "$mod_epicloot_bounties_prefix_wrath",       
        "$mod_epicloot_bounties_prefix_wurtguth",
        "$mod_epicloot_bounties_prefix_xaanuzhe",       
        "$mod_epicloot_bounties_prefix_xagdrik",       
        "$mod_epicloot_bounties_prefix_xarpug",       
        "$mod_epicloot_bounties_prefix_xogdrath",       
        "$mod_epicloot_bounties_prefix_xolgog",       
        "$mod_epicloot_bounties_prefix_yegoth",       
        "$mod_epicloot_bounties_prefix_yerghug",       
        "$mod_epicloot_bounties_prefix_yoryne",       
        "$mod_epicloot_bounties_prefix_zephinore",
        "$mod_epicloot_bounties_prefix_zetheret",       
        "$mod_epicloot_bounties_prefix_zmak",       
        "$mod_epicloot_bounties_prefix_zollmallan",       
        "$mod_epicloot_bounties_prefix_zorinak"
      ],
      "Suffixes": [
        "$mod_epicloot_bounties_suffix_dirt_eater",       
        "$mod_epicloot_bounties_suffix_frenzied_raider",       
        "$mod_epicloot_bounties_suffix_hero_slayer",       
        "$mod_epicloot_bounties_suffix_keeper_of_nightmares",       
        "$mod_epicloot_bounties_suffix_king_of_the_wicked",       
        "$mod_epicloot_bounties_suffix_lord_of_helheim", 
        "$mod_epicloot_bounties_suffix_marrow_eater",       
        "$mod_epicloot_bounties_suffix_mysterious_one",       
        "$mod_epicloot_bounties_suffix_nomad_of_the_wastelands",       
        "$mod_epicloot_bounties_suffix_patron_of_the_mad",       
        "$mod_epicloot_bounties_suffix_spoiled_one",       
        "$mod_epicloot_bounties_suffix_steward_of_the_eclipse", 
        "$mod_epicloot_bounties_suffix_thief_of_ignorance",       
        "$mod_epicloot_bounties_suffix_thunderous_one",       
        "$mod_epicloot_bounties_suffix_tortured_soul",       
        "$mod_epicloot_bounties_suffix_treasure_hunter",       
        "$mod_epicloot_bounties_suffix_umbral_stalker",       
        "$mod_epicloot_bounties_suffix_unspeakable_horror",

        "$mod_epicloot_bounties_suffix_bannerlord",       
        "$mod_epicloot_bounties_suffix_battleborn",       
        "$mod_epicloot_bounties_suffix_battlefury",       
        "$mod_epicloot_bounties_suffix_bloodspilt",       
        "$mod_epicloot_bounties_suffix_carrionfeast",       
        "$mod_epicloot_bounties_suffix_clevermind",       
        "$mod_epicloot_bounties_suffix_cursebreaker",       
        "$mod_epicloot_bounties_suffix_darkcloak",       
        "$mod_epicloot_bounties_suffix_darkshade",       
        "$mod_epicloot_bounties_suffix_darkstone", 
        "$mod_epicloot_bounties_suffix_dawnbreaker",       
        "$mod_epicloot_bounties_suffix_dawnfire",       
        "$mod_epicloot_bounties_suffix_deathgreeting",       
        "$mod_epicloot_bounties_suffix_deathgrin",       
        "$mod_epicloot_bounties_suffix_doomsphere",       
        "$mod_epicloot_bounties_suffix_dreadfang",       
        "$mod_epicloot_bounties_suffix_glittermist",       
        "$mod_epicloot_bounties_suffix_gloryseeker",       
        "$mod_epicloot_bounties_suffix_greedgallow",       
        "$mod_epicloot_bounties_suffix_griefstrike",
        "$mod_epicloot_bounties_suffix_hailfall",       
        "$mod_epicloot_bounties_suffix_jotunkin",       
        "$mod_epicloot_bounties_suffix_lamplight",       
        "$mod_epicloot_bounties_suffix_nightfall",       
        "$mod_epicloot_bounties_suffix_oathbreaker",       
        "$mod_epicloot_bounties_suffix_omenbleed",       
        "$mod_epicloot_bounties_suffix_pestilence",       
        "$mod_epicloot_bounties_suffix_pridefall",       
        "$mod_epicloot_bounties_suffix_quake",       
        "$mod_epicloot_bounties_suffix_runekennen", 
        "$mod_epicloot_bounties_suffix_scythe",       
        "$mod_epicloot_bounties_suffix_siezefrenzy",       
        "$mod_epicloot_bounties_suffix_skullcrusher",       
        "$mod_epicloot_bounties_suffix_spearpoint",       
        "$mod_epicloot_bounties_suffix_spitemonger",       
        "$mod_epicloot_bounties_suffix_starfall",       
        "$mod_epicloot_bounties_suffix_starlight",       
        "$mod_epicloot_bounties_suffix_svalroot",       
        "$mod_epicloot_bounties_suffix_swiftspite",       
        "$mod_epicloot_bounties_suffix_thrall", 
        "$mod_epicloot_bounties_suffix_toothgrind",       
        "$mod_epicloot_bounties_prefix_torment",       
        "$mod_epicloot_bounties_suffix_twigsnapper",       
        "$mod_epicloot_bounties_suffix_viletongue",       
        "$mod_epicloot_bounties_suffix_warbane",       
        "$mod_epicloot_bounties_suffix_warfall",       
        "$mod_epicloot_bounties_suffix_warfighter",       
        "$mod_epicloot_bounties_suffix_whispersmith",

        "$mod_epicloot_bounties_suffix_of_courage",       
        "$mod_epicloot_bounties_suffix_of_hostility",       
        "$mod_epicloot_bounties_suffix_of_might",       
        "$mod_epicloot_bounties_suffix_of_radiance",       
        "$mod_epicloot_bounties_suffix_of_silence",       
        "$mod_epicloot_bounties_suffix_of_spite",       
        "$mod_epicloot_bounties_suffix_of_the_banner",       
        "$mod_epicloot_bounties_suffix_of_the_darkness",       
        "$mod_epicloot_bounties_suffix_of_tolling_bells", 
        "$mod_epicloot_bounties_suffix_of_vengeance",       
        "$mod_epicloot_bounties_suffix_the_abandoned",       
        "$mod_epicloot_bounties_suffix_the_ancient",       
        "$mod_epicloot_bounties_suffix_the_betrayer",       
        "$mod_epicloot_bounties_suffix_the_brutal",       
        "$mod_epicloot_bounties_suffix_the_brute",       
        "$mod_epicloot_bounties_suffix_the_butcher",       
        "$mod_epicloot_bounties_suffix_the_chatterer",       
        "$mod_epicloot_bounties_suffix_the_cleaver", 
        "$mod_epicloot_bounties_suffix_the_contemptible",       
        "$mod_epicloot_bounties_suffix_the_corpse",       
        "$mod_epicloot_bounties_suffix_the_cursed",       
        "$mod_epicloot_bounties_suffix_the_damned",       
        "$mod_epicloot_bounties_suffix_the_depraved",       
        "$mod_epicloot_bounties_suffix_the_destroyer",       
        "$mod_epicloot_bounties_suffix_the_doomed",       
        "$mod_epicloot_bounties_suffix_the_empty",       
        "$mod_epicloot_bounties_suffix_the_evil", 
        "$mod_epicloot_bounties_suffix_the_executioner",       
        "$mod_epicloot_bounties_suffix_the_fiend",       
        "$mod_epicloot_bounties_suffix_the_fierce",       
        "$mod_epicloot_bounties_suffix_the_foul",       
        "$mod_epicloot_bounties_suffix_the_ghastly",       
        "$mod_epicloot_bounties_suffix_the_gilt",       
        "$mod_epicloot_bounties_suffix_the_greedy",       
        "$mod_epicloot_bounties_suffix_the_guilty",       
        "$mod_epicloot_bounties_suffix_the_handsome", 
        "$mod_epicloot_bounties_suffix_the_hellion",       
        "$mod_epicloot_bounties_suffix_the_horror",       
        "$mod_epicloot_bounties_suffix_the_humiliated",       
        "$mod_epicloot_bounties_suffix_the_immortal",       
        "$mod_epicloot_bounties_suffix_the_insulted",       
        "$mod_epicloot_bounties_suffix_the_knife",       
        "$mod_epicloot_bounties_suffix_the_maligned",       
        "$mod_epicloot_bounties_suffix_the_mangler",       
        "$mod_epicloot_bounties_suffix_the_miser", 
        "$mod_epicloot_bounties_suffix_the_monster",       
        "$mod_epicloot_bounties_suffix_the_murderer",       
        "$mod_epicloot_bounties_suffix_the_needle",       
        "$mod_epicloot_bounties_suffix_the_noxious",       
        "$mod_epicloot_bounties_suffix_the_omen",       
        "$mod_epicloot_bounties_suffix_the_pierced",       
        "$mod_epicloot_bounties_suffix_the_prickly",       
        "$mod_epicloot_bounties_suffix_the_quickened",       
        "$mod_epicloot_bounties_suffix_the_raider", 
        "$mod_epicloot_bounties_suffix_the_reckoner",       
        "$mod_epicloot_bounties_suffix_the_revenant",       
        "$mod_epicloot_bounties_suffix_the_rude",       
        "$mod_epicloot_bounties_suffix_the_savage",       
        "$mod_epicloot_bounties_suffix_the_seer",       
        "$mod_epicloot_bounties_suffix_the_shield",       
        "$mod_epicloot_bounties_suffix_the_slaughtered",       
        "$mod_epicloot_bounties_suffix_the_slayer",       
        "$mod_epicloot_bounties_suffix_the_sleeper", 
        "$mod_epicloot_bounties_suffix_the_soldier",       
        "$mod_epicloot_bounties_suffix_the_spiteful",       
        "$mod_epicloot_bounties_suffix_the_talisman",       
        "$mod_epicloot_bounties_suffix_the_terrible",       
        "$mod_epicloot_bounties_suffix_the_vicious",       
        "$mod_epicloot_bounties_suffix_the_vile",       
        "$mod_epicloot_bounties_suffix_the_weapon",       
        "$mod_epicloot_bounties_suffix_the_wicked" 
      ] 
    }  
  } 
}
